Temp,Humi,Date&Time
 32.9¡æ, 69.8%RH,2023-05-23 21:45:35
 32.9¡æ, 69.9%RH,2023-05-23 21:46:06
 32.9¡æ, 70.1%RH,2023-05-23 21:46:37
 32.9¡æ, 70.3%RH,2023-05-23 21:47:08
 32.9¡æ, 70.3%RH,2023-05-23 21:47:39
 32.9¡æ, 70.3%RH,2023-05-23 21:48:10
 32.9¡æ, 70.3%RH,2023-05-23 21:48:41
 32.9¡æ, 70.2%RH,2023-05-23 21:49:12
 33.0¡æ, 70.1%RH,2023-05-23 21:49:43
 33.0¡æ, 70.1%RH,2023-05-23 21:50:14
 33.1¡æ, 70.0%RH,2023-05-23 21:50:45
 33.1¡æ, 69.8%RH,2023-05-23 21:51:16
 33.1¡æ, 69.7%RH,2023-05-23 21:51:47
 33.1¡æ, 69.6%RH,2023-05-23 21:52:18
 33.2¡æ, 69.4%RH,2023-05-23 21:52:49
 33.2¡æ, 69.3%RH,2023-05-23 21:53:20
 33.3¡æ, 69.2%RH,2023-05-23 21:53:51
 33.3¡æ, 69.1%RH,2023-05-23 21:54:22
 33.3¡æ, 68.9%RH,2023-05-23 21:54:53
 33.4¡æ, 68.8%RH,2023-05-23 21:55:24
 33.4¡æ, 68.7%RH,2023-05-23 21:55:55
 33.4¡æ, 68.5%RH,2023-05-23 21:56:26
 33.5¡æ, 68.4%RH,2023-05-23 21:56:57
 33.5¡æ, 68.3%RH,2023-05-23 21:57:28
 33.5¡æ, 68.2%RH,2023-05-23 21:57:59
 33.6¡æ, 68.0%RH,2023-05-23 21:58:30
 33.6¡æ, 67.9%RH,2023-05-23 21:59:01
 33.6¡æ, 67.8%RH,2023-05-23 21:59:32
 33.7¡æ, 67.7%RH,2023-05-23 22:00:03
 33.7¡æ, 67.6%RH,2023-05-23 22:00:34
 33.7¡æ, 67.5%RH,2023-05-23 22:01:05
 33.7¡æ, 67.3%RH,2023-05-23 22:01:36
 33.8¡æ, 67.3%RH,2023-05-23 22:02:07
 33.8¡æ, 67.2%RH,2023-05-23 22:02:38
 33.8¡æ, 67.1%RH,2023-05-23 22:03:09
 33.9¡æ, 66.9%RH,2023-05-23 22:03:40
 33.9¡æ, 66.8%RH,2023-05-23 22:04:11
 33.9¡æ, 66.7%RH,2023-05-23 22:04:42
 33.9¡æ, 66.6%RH,2023-05-23 22:05:13
 33.9¡æ, 66.5%RH,2023-05-23 22:05:44
 34.0¡æ, 66.5%RH,2023-05-23 22:06:15
 34.0¡æ, 66.3%RH,2023-05-23 22:06:46
 34.0¡æ, 66.2%RH,2023-05-23 22:07:17
 34.0¡æ, 66.2%RH,2023-05-23 22:07:48
 34.1¡æ, 66.0%RH,2023-05-23 22:08:19
 34.1¡æ, 65.9%RH,2023-05-23 22:08:50
 34.1¡æ, 65.9%RH,2023-05-23 22:09:21
 34.1¡æ, 65.8%RH,2023-05-23 22:09:52
 34.1¡æ, 65.7%RH,2023-05-23 22:10:23
 34.2¡æ, 65.7%RH,2023-05-23 22:10:54
 34.2¡æ, 65.6%RH,2023-05-23 22:11:25
 34.2¡æ, 65.5%RH,2023-05-23 22:11:56
 34.2¡æ, 65.5%RH,2023-05-23 22:12:27
 34.2¡æ, 65.4%RH,2023-05-23 22:12:58
 34.2¡æ, 65.3%RH,2023-05-23 22:13:29
 34.2¡æ, 65.2%RH,2023-05-23 22:14:00
 34.3¡æ, 65.2%RH,2023-05-23 22:14:31
 34.3¡æ, 65.2%RH,2023-05-23 22:15:02
 34.3¡æ, 65.1%RH,2023-05-23 22:15:33
 34.3¡æ, 65.0%RH,2023-05-23 22:16:04
 34.3¡æ, 65.0%RH,2023-05-23 22:16:35
 34.3¡æ, 64.9%RH,2023-05-23 22:17:06
 34.3¡æ, 64.8%RH,2023-05-23 22:17:37
 34.3¡æ, 64.8%RH,2023-05-23 22:18:08
 34.4¡æ, 64.7%RH,2023-05-23 22:18:39
 34.4¡æ, 64.6%RH,2023-05-23 22:19:10
 34.4¡æ, 64.6%RH,2023-05-23 22:19:41
 34.4¡æ, 64.6%RH,2023-05-23 22:20:12
 34.4¡æ, 64.5%RH,2023-05-23 22:20:43
 34.4¡æ, 64.5%RH,2023-05-23 22:21:14
 34.4¡æ, 64.4%RH,2023-05-23 22:21:45
 34.4¡æ, 64.4%RH,2023-05-23 22:22:16
 34.4¡æ, 64.4%RH,2023-05-23 22:22:47
 34.4¡æ, 64.3%RH,2023-05-23 22:23:18
 34.4¡æ, 64.3%RH,2023-05-23 22:23:49
 34.5¡æ, 64.2%RH,2023-05-23 22:24:20
 34.5¡æ, 64.2%RH,2023-05-23 22:24:51
 34.5¡æ, 64.2%RH,2023-05-23 22:25:22
 34.5¡æ, 64.2%RH,2023-05-23 22:25:53
 34.5¡æ, 64.2%RH,2023-05-23 22:26:24
 34.5¡æ, 64.1%RH,2023-05-23 22:26:55
 34.5¡æ, 64.1%RH,2023-05-23 22:27:26
 34.5¡æ, 64.1%RH,2023-05-23 22:27:57
 34.5¡æ, 64.1%RH,2023-05-23 22:28:28
 34.5¡æ, 64.0%RH,2023-05-23 22:28:59
 34.5¡æ, 64.0%RH,2023-05-23 22:29:30
 34.5¡æ, 64.0%RH,2023-05-23 22:30:01
 34.5¡æ, 63.9%RH,2023-05-23 22:30:32
 34.5¡æ, 63.9%RH,2023-05-23 22:31:03
 34.5¡æ, 63.9%RH,2023-05-23 22:31:34
 34.5¡æ, 63.9%RH,2023-05-23 22:32:05
 34.5¡æ, 63.8%RH,2023-05-23 22:32:36
 34.5¡æ, 63.8%RH,2023-05-23 22:33:07
 34.5¡æ, 63.8%RH,2023-05-23 22:33:38
 34.5¡æ, 63.7%RH,2023-05-23 22:34:09
 34.5¡æ, 63.7%RH,2023-05-23 22:34:40
 34.6¡æ, 63.7%RH,2023-05-23 22:35:11
 34.6¡æ, 63.7%RH,2023-05-23 22:35:42
 34.6¡æ, 63.6%RH,2023-05-23 22:36:13
 34.6¡æ, 63.6%RH,2023-05-23 22:36:44
 34.6¡æ, 63.5%RH,2023-05-23 22:37:15
 34.6¡æ, 63.5%RH,2023-05-23 22:37:46
 34.6¡æ, 63.5%RH,2023-05-23 22:38:17
 34.6¡æ, 63.5%RH,2023-05-23 22:38:48
 34.6¡æ, 63.5%RH,2023-05-23 22:39:19
 34.6¡æ, 63.4%RH,2023-05-23 22:39:50
 34.6¡æ, 63.4%RH,2023-05-23 22:40:21
 34.6¡æ, 63.4%RH,2023-05-23 22:40:52
 34.6¡æ, 63.4%RH,2023-05-23 22:41:23
 34.6¡æ, 63.4%RH,2023-05-23 22:41:54
 34.6¡æ, 63.3%RH,2023-05-23 22:42:25
 34.6¡æ, 63.3%RH,2023-05-23 22:42:56
 34.6¡æ, 63.3%RH,2023-05-23 22:43:27
 34.6¡æ, 63.3%RH,2023-05-23 22:43:58
 34.6¡æ, 63.3%RH,2023-05-23 22:44:29
 34.6¡æ, 63.3%RH,2023-05-23 22:45:00
 34.6¡æ, 63.3%RH,2023-05-23 22:45:31
 34.6¡æ, 63.3%RH,2023-05-23 22:46:02
 34.6¡æ, 63.3%RH,2023-05-23 22:46:33
 34.6¡æ, 63.3%RH,2023-05-23 22:47:04
 34.6¡æ, 63.3%RH,2023-05-23 22:47:35
 34.6¡æ, 63.3%RH,2023-05-23 22:48:06
 34.6¡æ, 63.2%RH,2023-05-23 22:48:37
 34.6¡æ, 63.2%RH,2023-05-23 22:49:08
 34.6¡æ, 63.2%RH,2023-05-23 22:49:39
 34.6¡æ, 63.2%RH,2023-05-23 22:50:10
 34.6¡æ, 63.2%RH,2023-05-23 22:50:41
 34.6¡æ, 63.1%RH,2023-05-23 22:51:12
 34.6¡æ, 63.1%RH,2023-05-23 22:51:43
 34.6¡æ, 63.1%RH,2023-05-23 22:52:14
 34.6¡æ, 63.1%RH,2023-05-23 22:52:45
 34.6¡æ, 63.1%RH,2023-05-23 22:53:16
 34.6¡æ, 63.1%RH,2023-05-23 22:53:47
 34.6¡æ, 63.1%RH,2023-05-23 22:54:18
 34.6¡æ, 63.1%RH,2023-05-23 22:54:49
 34.6¡æ, 63.1%RH,2023-05-23 22:55:20
 34.6¡æ, 63.1%RH,2023-05-23 22:55:51
 34.6¡æ, 63.1%RH,2023-05-23 22:56:22
 34.6¡æ, 63.1%RH,2023-05-23 22:56:53
 34.6¡æ, 63.1%RH,2023-05-23 22:57:24
 34.6¡æ, 63.1%RH,2023-05-23 22:57:55
 34.6¡æ, 63.1%RH,2023-05-23 22:58:26
 34.6¡æ, 63.0%RH,2023-05-23 22:58:57
 34.6¡æ, 63.0%RH,2023-05-23 22:59:28
 34.6¡æ, 63.0%RH,2023-05-23 22:59:59
 34.6¡æ, 63.0%RH,2023-05-23 23:00:30
 34.6¡æ, 63.0%RH,2023-05-23 23:01:01
 34.6¡æ, 63.0%RH,2023-05-23 23:01:32
 34.6¡æ, 63.0%RH,2023-05-23 23:02:03
 34.6¡æ, 63.0%RH,2023-05-23 23:02:34
 34.6¡æ, 62.9%RH,2023-05-23 23:03:05
 34.6¡æ, 62.9%RH,2023-05-23 23:03:36
 34.6¡æ, 62.9%RH,2023-05-23 23:04:07
 34.6¡æ, 62.9%RH,2023-05-23 23:04:38
 34.6¡æ, 62.9%RH,2023-05-23 23:05:10
 34.6¡æ, 62.9%RH,2023-05-23 23:05:41
 34.6¡æ, 62.9%RH,2023-05-23 23:06:12
 34.6¡æ, 62.9%RH,2023-05-23 23:06:43
 34.6¡æ, 62.8%RH,2023-05-23 23:07:14
 34.6¡æ, 62.8%RH,2023-05-23 23:07:45
 34.6¡æ, 62.8%RH,2023-05-23 23:08:16
 34.6¡æ, 62.8%RH,2023-05-23 23:08:47
 34.6¡æ, 62.8%RH,2023-05-23 23:09:18
 34.6¡æ, 62.8%RH,2023-05-23 23:09:49
 34.6¡æ, 62.8%RH,2023-05-23 23:10:20
 34.6¡æ, 62.8%RH,2023-05-23 23:10:51
 34.6¡æ, 62.8%RH,2023-05-23 23:11:22
 34.6¡æ, 62.8%RH,2023-05-23 23:11:53
 34.6¡æ, 62.8%RH,2023-05-23 23:12:24
 34.6¡æ, 62.8%RH,2023-05-23 23:12:55
 34.6¡æ, 62.8%RH,2023-05-23 23:13:26
 34.6¡æ, 62.8%RH,2023-05-23 23:13:57
 34.6¡æ, 62.8%RH,2023-05-23 23:14:28
 34.6¡æ, 62.8%RH,2023-05-23 23:14:59
 34.6¡æ, 62.8%RH,2023-05-23 23:15:30
 34.6¡æ, 62.8%RH,2023-05-23 23:16:01
 34.6¡æ, 62.8%RH,2023-05-23 23:16:32
 34.6¡æ, 62.8%RH,2023-05-23 23:17:03
 34.6¡æ, 62.8%RH,2023-05-23 23:17:34
 34.6¡æ, 62.8%RH,2023-05-23 23:18:05
 34.6¡æ, 62.8%RH,2023-05-23 23:18:36
 34.6¡æ, 62.7%RH,2023-05-23 23:19:07
 34.6¡æ, 62.7%RH,2023-05-23 23:19:38
 34.6¡æ, 62.7%RH,2023-05-23 23:20:09
 34.6¡æ, 62.7%RH,2023-05-23 23:20:40
 34.6¡æ, 62.7%RH,2023-05-23 23:21:11
 34.6¡æ, 62.7%RH,2023-05-23 23:21:42
 34.6¡æ, 62.7%RH,2023-05-23 23:22:13
 34.6¡æ, 62.7%RH,2023-05-23 23:22:44
 34.6¡æ, 62.6%RH,2023-05-23 23:23:15
 34.6¡æ, 62.6%RH,2023-05-23 23:23:46
 34.6¡æ, 62.6%RH,2023-05-23 23:24:17
 34.6¡æ, 62.6%RH,2023-05-23 23:24:48
 34.6¡æ, 62.7%RH,2023-05-23 23:25:19
 34.6¡æ, 62.7%RH,2023-05-23 23:25:50
 34.6¡æ, 62.7%RH,2023-05-23 23:26:21
 34.6¡æ, 62.7%RH,2023-05-23 23:26:52
 34.6¡æ, 62.7%RH,2023-05-23 23:27:23
 34.6¡æ, 62.7%RH,2023-05-23 23:27:54
 34.6¡æ, 62.7%RH,2023-05-23 23:28:25
 34.6¡æ, 62.7%RH,2023-05-23 23:28:56
 34.6¡æ, 62.7%RH,2023-05-23 23:29:27
 34.6¡æ, 62.7%RH,2023-05-23 23:29:58
 34.6¡æ, 62.7%RH,2023-05-23 23:30:29
 34.6¡æ, 62.7%RH,2023-05-23 23:31:00
 34.6¡æ, 62.7%RH,2023-05-23 23:31:31
 34.6¡æ, 62.7%RH,2023-05-23 23:32:02
 34.6¡æ, 62.7%RH,2023-05-23 23:32:33
 34.6¡æ, 62.8%RH,2023-05-23 23:33:04
 34.6¡æ, 62.7%RH,2023-05-23 23:33:35
 34.6¡æ, 62.7%RH,2023-05-23 23:34:06
 34.6¡æ, 62.7%RH,2023-05-23 23:34:37
 34.6¡æ, 62.7%RH,2023-05-23 23:35:08
 34.6¡æ, 62.7%RH,2023-05-23 23:35:39
 34.5¡æ, 62.7%RH,2023-05-23 23:36:10
 34.5¡æ, 62.7%RH,2023-05-23 23:36:41
 34.5¡æ, 62.7%RH,2023-05-23 23:37:12
 34.5¡æ, 62.7%RH,2023-05-23 23:37:43
 34.5¡æ, 62.7%RH,2023-05-23 23:38:14
 34.5¡æ, 62.7%RH,2023-05-23 23:38:45
 34.5¡æ, 62.7%RH,2023-05-23 23:39:16
 34.5¡æ, 62.7%RH,2023-05-23 23:39:47
 34.5¡æ, 62.7%RH,2023-05-23 23:40:18
 34.5¡æ, 62.7%RH,2023-05-23 23:40:49
 34.5¡æ, 62.7%RH,2023-05-23 23:41:20
 34.5¡æ, 62.6%RH,2023-05-23 23:41:51
 34.5¡æ, 62.6%RH,2023-05-23 23:42:22
 34.5¡æ, 62.6%RH,2023-05-23 23:42:53
 34.5¡æ, 62.6%RH,2023-05-23 23:43:24
 34.5¡æ, 62.6%RH,2023-05-23 23:43:55
 34.5¡æ, 62.6%RH,2023-05-23 23:44:26
 34.5¡æ, 62.7%RH,2023-05-23 23:44:57
 34.5¡æ, 62.7%RH,2023-05-23 23:45:28
 34.5¡æ, 62.7%RH,2023-05-23 23:45:59
 34.5¡æ, 62.7%RH,2023-05-23 23:46:30
 34.5¡æ, 62.7%RH,2023-05-23 23:47:01
 34.5¡æ, 62.7%RH,2023-05-23 23:47:32
 34.5¡æ, 62.7%RH,2023-05-23 23:48:03
 34.5¡æ, 62.7%RH,2023-05-23 23:48:34
 34.5¡æ, 62.7%RH,2023-05-23 23:49:05
 34.5¡æ, 62.7%RH,2023-05-23 23:49:36
 34.5¡æ, 62.7%RH,2023-05-23 23:50:07
 34.5¡æ, 62.7%RH,2023-05-23 23:50:38
 34.5¡æ, 62.8%RH,2023-05-23 23:51:09
 34.5¡æ, 62.8%RH,2023-05-23 23:51:40
 34.5¡æ, 62.8%RH,2023-05-23 23:52:11
 34.5¡æ, 62.8%RH,2023-05-23 23:52:42
 34.5¡æ, 62.8%RH,2023-05-23 23:53:13
 34.5¡æ, 62.8%RH,2023-05-23 23:53:44
 34.5¡æ, 62.8%RH,2023-05-23 23:54:15
 34.5¡æ, 62.8%RH,2023-05-23 23:54:46
 34.5¡æ, 62.8%RH,2023-05-23 23:55:17
 34.5¡æ, 62.8%RH,2023-05-23 23:55:48
 34.5¡æ, 62.8%RH,2023-05-23 23:56:19
 34.5¡æ, 62.7%RH,2023-05-23 23:56:50
 34.5¡æ, 62.7%RH,2023-05-23 23:57:21
 34.5¡æ, 62.7%RH,2023-05-23 23:57:52
 34.5¡æ, 62.7%RH,2023-05-23 23:58:23
 34.5¡æ, 62.7%RH,2023-05-23 23:58:54
 34.5¡æ, 62.7%RH,2023-05-23 23:59:25
 34.5¡æ, 62.7%RH,2023-05-23 23:59:56
 34.5¡æ, 62.7%RH,2023-05-24 00:00:27
 34.5¡æ, 62.7%RH,2023-05-24 00:00:58
 34.5¡æ, 62.8%RH,2023-05-24 00:01:29
 34.5¡æ, 62.8%RH,2023-05-24 00:02:00
 34.5¡æ, 62.8%RH,2023-05-24 00:02:31
 34.5¡æ, 62.8%RH,2023-05-24 00:03:02
 34.5¡æ, 62.8%RH,2023-05-24 00:03:33
 34.6¡æ, 62.8%RH,2023-05-24 00:04:04
 34.6¡æ, 62.8%RH,2023-05-24 00:04:35
 34.6¡æ, 62.8%RH,2023-05-24 00:05:06
 34.6¡æ, 62.8%RH,2023-05-24 00:05:37
 34.6¡æ, 62.8%RH,2023-05-24 00:06:08
 34.6¡æ, 62.8%RH,2023-05-24 00:06:39
 34.6¡æ, 62.7%RH,2023-05-24 00:07:10
 34.6¡æ, 62.7%RH,2023-05-24 00:07:41
 34.6¡æ, 62.7%RH,2023-05-24 00:08:12
 34.6¡æ, 62.7%RH,2023-05-24 00:08:43
 34.6¡æ, 62.7%RH,2023-05-24 00:09:14
 34.6¡æ, 62.6%RH,2023-05-24 00:09:45
 34.6¡æ, 62.6%RH,2023-05-24 00:10:16
 34.6¡æ, 62.6%RH,2023-05-24 00:10:47
 34.6¡æ, 62.6%RH,2023-05-24 00:11:18
 34.6¡æ, 62.6%RH,2023-05-24 00:11:49
 34.6¡æ, 62.6%RH,2023-05-24 00:12:20
 34.6¡æ, 62.6%RH,2023-05-24 00:12:51
 34.6¡æ, 62.6%RH,2023-05-24 00:13:22
 34.6¡æ, 62.6%RH,2023-05-24 00:13:53
 34.6¡æ, 62.6%RH,2023-05-24 00:14:24
 34.6¡æ, 62.6%RH,2023-05-24 00:14:55
 34.6¡æ, 62.6%RH,2023-05-24 00:15:26
 34.6¡æ, 62.6%RH,2023-05-24 00:15:57
 34.6¡æ, 62.6%RH,2023-05-24 00:16:28
 34.6¡æ, 62.6%RH,2023-05-24 00:16:59
 34.6¡æ, 62.6%RH,2023-05-24 00:17:30
 34.6¡æ, 62.6%RH,2023-05-24 00:18:01
 34.6¡æ, 62.6%RH,2023-05-24 00:18:32
 34.6¡æ, 62.5%RH,2023-05-24 00:19:03
 34.6¡æ, 62.5%RH,2023-05-24 00:19:34
 34.6¡æ, 62.5%RH,2023-05-24 00:20:05
 34.6¡æ, 62.5%RH,2023-05-24 00:20:36
 34.6¡æ, 62.5%RH,2023-05-24 00:21:07
 34.6¡æ, 62.5%RH,2023-05-24 00:21:38
 34.6¡æ, 62.5%RH,2023-05-24 00:22:09
 34.6¡æ, 62.5%RH,2023-05-24 00:22:40
 34.6¡æ, 62.5%RH,2023-05-24 00:23:11
 34.6¡æ, 62.5%RH,2023-05-24 00:23:42
 34.6¡æ, 62.5%RH,2023-05-24 00:24:13
 34.6¡æ, 62.5%RH,2023-05-24 00:24:44
 34.6¡æ, 62.5%RH,2023-05-24 00:25:15
 34.6¡æ, 62.5%RH,2023-05-24 00:25:46
 34.6¡æ, 62.5%RH,2023-05-24 00:26:17
 34.6¡æ, 62.5%RH,2023-05-24 00:26:48
 34.6¡æ, 62.5%RH,2023-05-24 00:27:19
 34.6¡æ, 62.5%RH,2023-05-24 00:27:50
 34.6¡æ, 62.5%RH,2023-05-24 00:28:21
 34.6¡æ, 62.5%RH,2023-05-24 00:28:52
 34.6¡æ, 62.5%RH,2023-05-24 00:29:23
 34.6¡æ, 62.5%RH,2023-05-24 00:29:54
 34.6¡æ, 62.5%RH,2023-05-24 00:30:25
 34.6¡æ, 62.5%RH,2023-05-24 00:30:56
 34.6¡æ, 62.5%RH,2023-05-24 00:31:27
 34.6¡æ, 62.5%RH,2023-05-24 00:31:58
 34.6¡æ, 62.5%RH,2023-05-24 00:32:29
 34.6¡æ, 62.5%RH,2023-05-24 00:33:00
 34.6¡æ, 62.5%RH,2023-05-24 00:33:31
 34.5¡æ, 62.5%RH,2023-05-24 00:34:02
 34.5¡æ, 62.5%RH,2023-05-24 00:34:33
 34.5¡æ, 62.5%RH,2023-05-24 00:35:04
 34.5¡æ, 62.5%RH,2023-05-24 00:35:35
 34.5¡æ, 62.5%RH,2023-05-24 00:36:06
 34.5¡æ, 62.5%RH,2023-05-24 00:36:37
 34.5¡æ, 62.5%RH,2023-05-24 00:37:08
 34.5¡æ, 62.5%RH,2023-05-24 00:37:39
 34.5¡æ, 62.5%RH,2023-05-24 00:38:10
 34.5¡æ, 62.5%RH,2023-05-24 00:38:41
 34.5¡æ, 62.5%RH,2023-05-24 00:39:12
 34.5¡æ, 62.5%RH,2023-05-24 00:39:43
 34.5¡æ, 62.5%RH,2023-05-24 00:40:14
 34.5¡æ, 62.5%RH,2023-05-24 00:40:45
 34.5¡æ, 62.5%RH,2023-05-24 00:41:16
 34.5¡æ, 62.5%RH,2023-05-24 00:41:47
 34.5¡æ, 62.5%RH,2023-05-24 00:42:18
 34.5¡æ, 62.5%RH,2023-05-24 00:42:49
 34.5¡æ, 62.5%RH,2023-05-24 00:43:20
 34.5¡æ, 62.5%RH,2023-05-24 00:43:51
 34.5¡æ, 62.5%RH,2023-05-24 00:44:22
 34.5¡æ, 62.5%RH,2023-05-24 00:44:53
 34.5¡æ, 62.5%RH,2023-05-24 00:45:24
 34.5¡æ, 62.5%RH,2023-05-24 00:45:55
 34.5¡æ, 62.5%RH,2023-05-24 00:46:26
 34.5¡æ, 62.6%RH,2023-05-24 00:46:57
 34.5¡æ, 62.6%RH,2023-05-24 00:47:28
 34.5¡æ, 62.6%RH,2023-05-24 00:47:59
 34.5¡æ, 62.6%RH,2023-05-24 00:48:30
 34.5¡æ, 62.6%RH,2023-05-24 00:49:01
 34.5¡æ, 62.6%RH,2023-05-24 00:49:32
 34.5¡æ, 62.6%RH,2023-05-24 00:50:03
 34.5¡æ, 62.6%RH,2023-05-24 00:50:34
 34.5¡æ, 62.6%RH,2023-05-24 00:51:05
 34.4¡æ, 62.6%RH,2023-05-24 00:51:36
 34.4¡æ, 62.7%RH,2023-05-24 00:52:07
 34.4¡æ, 62.7%RH,2023-05-24 00:52:38
 34.4¡æ, 62.7%RH,2023-05-24 00:53:09
 34.4¡æ, 62.7%RH,2023-05-24 00:53:40
 34.4¡æ, 62.7%RH,2023-05-24 00:54:11
 34.4¡æ, 62.7%RH,2023-05-24 00:54:42
 34.4¡æ, 62.8%RH,2023-05-24 00:55:13
 34.4¡æ, 62.8%RH,2023-05-24 00:55:44
 34.4¡æ, 62.8%RH,2023-05-24 00:56:15
 34.4¡æ, 62.8%RH,2023-05-24 00:56:46
 34.4¡æ, 62.8%RH,2023-05-24 00:57:17
 34.4¡æ, 62.8%RH,2023-05-24 00:57:48
 34.4¡æ, 62.8%RH,2023-05-24 00:58:19
 34.4¡æ, 62.8%RH,2023-05-24 00:58:50
 34.4¡æ, 62.8%RH,2023-05-24 00:59:21
 34.4¡æ, 62.8%RH,2023-05-24 00:59:52
 34.4¡æ, 62.8%RH,2023-05-24 01:00:23
 34.4¡æ, 62.9%RH,2023-05-24 01:00:54
 34.4¡æ, 62.9%RH,2023-05-24 01:01:25
 34.4¡æ, 62.9%RH,2023-05-24 01:01:56
 34.4¡æ, 62.9%RH,2023-05-24 01:02:27
 34.4¡æ, 62.9%RH,2023-05-24 01:02:58
 34.4¡æ, 62.9%RH,2023-05-24 01:03:29
 34.4¡æ, 62.9%RH,2023-05-24 01:04:00
 34.4¡æ, 62.9%RH,2023-05-24 01:04:31
 34.4¡æ, 62.9%RH,2023-05-24 01:05:02
 34.4¡æ, 62.9%RH,2023-05-24 01:05:33
 34.4¡æ, 62.9%RH,2023-05-24 01:06:04
 34.4¡æ, 62.9%RH,2023-05-24 01:06:35
 34.4¡æ, 63.0%RH,2023-05-24 01:07:06
 34.4¡æ, 63.0%RH,2023-05-24 01:07:37
 34.4¡æ, 63.0%RH,2023-05-24 01:08:08
 34.4¡æ, 63.0%RH,2023-05-24 01:08:39
 34.4¡æ, 63.0%RH,2023-05-24 01:09:10
 34.4¡æ, 63.0%RH,2023-05-24 01:09:41
 34.4¡æ, 63.0%RH,2023-05-24 01:10:12
 34.4¡æ, 63.0%RH,2023-05-24 01:10:43
 34.4¡æ, 63.0%RH,2023-05-24 01:11:14
 34.4¡æ, 63.0%RH,2023-05-24 01:11:45
 34.4¡æ, 63.0%RH,2023-05-24 01:12:16
 34.4¡æ, 63.0%RH,2023-05-24 01:12:47
 34.4¡æ, 63.0%RH,2023-05-24 01:13:18
 34.4¡æ, 63.0%RH,2023-05-24 01:13:49
 34.4¡æ, 63.0%RH,2023-05-24 01:14:20
 34.4¡æ, 63.0%RH,2023-05-24 01:14:51
 34.4¡æ, 63.0%RH,2023-05-24 01:15:22
 34.4¡æ, 63.0%RH,2023-05-24 01:15:53
 34.4¡æ, 63.0%RH,2023-05-24 01:16:24
 34.4¡æ, 63.0%RH,2023-05-24 01:16:55
 34.4¡æ, 63.0%RH,2023-05-24 01:17:26
 34.4¡æ, 63.0%RH,2023-05-24 01:17:57
 34.4¡æ, 63.0%RH,2023-05-24 01:18:28
 34.4¡æ, 63.0%RH,2023-05-24 01:18:59
 34.4¡æ, 63.0%RH,2023-05-24 01:19:30
 34.4¡æ, 63.0%RH,2023-05-24 01:20:01
 34.4¡æ, 62.9%RH,2023-05-24 01:20:32
 34.4¡æ, 62.9%RH,2023-05-24 01:21:03
 34.4¡æ, 62.9%RH,2023-05-24 01:21:34
 34.4¡æ, 63.0%RH,2023-05-24 01:22:06
 34.4¡æ, 63.0%RH,2023-05-24 01:22:37
 34.4¡æ, 63.0%RH,2023-05-24 01:23:08
 34.4¡æ, 63.0%RH,2023-05-24 01:23:39
 34.4¡æ, 63.0%RH,2023-05-24 01:24:10
 34.3¡æ, 63.0%RH,2023-05-24 01:24:41
 34.4¡æ, 63.0%RH,2023-05-24 01:25:12
 34.3¡æ, 63.0%RH,2023-05-24 01:25:43
 34.3¡æ, 63.0%RH,2023-05-24 01:26:14
 34.3¡æ, 63.0%RH,2023-05-24 01:26:45
 34.3¡æ, 63.0%RH,2023-05-24 01:27:16
 34.3¡æ, 63.0%RH,2023-05-24 01:27:47
 34.3¡æ, 63.0%RH,2023-05-24 01:28:18
 34.3¡æ, 63.0%RH,2023-05-24 01:28:49
 34.3¡æ, 63.0%RH,2023-05-24 01:29:20
 34.3¡æ, 63.0%RH,2023-05-24 01:29:51
 34.3¡æ, 63.0%RH,2023-05-24 01:30:22
 34.3¡æ, 63.1%RH,2023-05-24 01:30:53
 34.3¡æ, 63.1%RH,2023-05-24 01:31:24
 34.3¡æ, 63.1%RH,2023-05-24 01:31:55
 34.3¡æ, 63.1%RH,2023-05-24 01:32:26
 34.3¡æ, 63.0%RH,2023-05-24 01:32:57
 34.3¡æ, 63.0%RH,2023-05-24 01:33:28
 34.3¡æ, 63.0%RH,2023-05-24 01:33:59
 34.3¡æ, 63.1%RH,2023-05-24 01:34:30
 34.3¡æ, 63.1%RH,2023-05-24 01:35:01
 34.3¡æ, 63.0%RH,2023-05-24 01:35:32
 34.3¡æ, 63.0%RH,2023-05-24 01:36:03
 34.3¡æ, 63.1%RH,2023-05-24 01:36:34
 34.3¡æ, 63.1%RH,2023-05-24 01:37:05
 34.3¡æ, 63.1%RH,2023-05-24 01:37:36
 34.3¡æ, 63.1%RH,2023-05-24 01:38:07
 34.3¡æ, 63.1%RH,2023-05-24 01:38:38
 34.3¡æ, 63.1%RH,2023-05-24 01:39:09
 34.3¡æ, 63.1%RH,2023-05-24 01:39:40
 34.3¡æ, 63.1%RH,2023-05-24 01:40:11
 34.3¡æ, 63.1%RH,2023-05-24 01:40:42
 34.3¡æ, 63.1%RH,2023-05-24 01:41:13
 34.3¡æ, 63.0%RH,2023-05-24 01:41:44
 34.3¡æ, 63.0%RH,2023-05-24 01:42:15
 34.3¡æ, 63.0%RH,2023-05-24 01:42:46
 34.3¡æ, 63.0%RH,2023-05-24 01:43:17
 34.3¡æ, 63.0%RH,2023-05-24 01:43:48
 34.3¡æ, 63.0%RH,2023-05-24 01:44:19
 34.3¡æ, 63.0%RH,2023-05-24 01:44:50
 34.3¡æ, 63.0%RH,2023-05-24 01:45:21
 34.3¡æ, 63.1%RH,2023-05-24 01:45:52
 34.3¡æ, 63.1%RH,2023-05-24 01:46:23
 34.3¡æ, 63.1%RH,2023-05-24 01:46:54
 34.3¡æ, 63.1%RH,2023-05-24 01:47:25
 34.3¡æ, 63.1%RH,2023-05-24 01:47:56
 34.3¡æ, 63.1%RH,2023-05-24 01:48:27
 34.3¡æ, 63.1%RH,2023-05-24 01:48:58
 34.3¡æ, 63.1%RH,2023-05-24 01:49:29
 34.3¡æ, 63.1%RH,2023-05-24 01:50:00
 34.3¡æ, 63.1%RH,2023-05-24 01:50:31
 34.3¡æ, 63.1%RH,2023-05-24 01:51:02
 34.3¡æ, 63.1%RH,2023-05-24 01:51:33
 34.3¡æ, 63.2%RH,2023-05-24 01:52:04
 34.3¡æ, 63.2%RH,2023-05-24 01:52:35
 34.3¡æ, 63.2%RH,2023-05-24 01:53:06
 34.3¡æ, 63.2%RH,2023-05-24 01:53:37
 34.3¡æ, 63.2%RH,2023-05-24 01:54:08
 34.3¡æ, 63.2%RH,2023-05-24 01:54:39
 34.3¡æ, 63.2%RH,2023-05-24 01:55:10
 34.3¡æ, 63.2%RH,2023-05-24 01:55:41
 34.3¡æ, 63.2%RH,2023-05-24 01:56:12
 34.3¡æ, 63.2%RH,2023-05-24 01:56:43
 34.3¡æ, 63.1%RH,2023-05-24 01:57:14
 34.3¡æ, 63.1%RH,2023-05-24 01:57:45
 34.3¡æ, 63.1%RH,2023-05-24 01:58:16
 34.3¡æ, 63.1%RH,2023-05-24 01:58:47
 34.3¡æ, 63.1%RH,2023-05-24 01:59:18
 34.3¡æ, 63.1%RH,2023-05-24 01:59:49
 34.3¡æ, 63.1%RH,2023-05-24 02:00:20
 34.3¡æ, 63.1%RH,2023-05-24 02:00:51
 34.3¡æ, 63.2%RH,2023-05-24 02:01:22
 34.3¡æ, 63.2%RH,2023-05-24 02:01:53
 34.3¡æ, 63.2%RH,2023-05-24 02:02:24
 34.3¡æ, 63.2%RH,2023-05-24 02:02:55
 34.3¡æ, 63.2%RH,2023-05-24 02:03:26
 34.3¡æ, 63.2%RH,2023-05-24 02:03:57
 34.3¡æ, 63.2%RH,2023-05-24 02:04:28
 34.3¡æ, 63.2%RH,2023-05-24 02:04:59
 34.3¡æ, 63.2%RH,2023-05-24 02:05:30
 34.3¡æ, 63.2%RH,2023-05-24 02:06:01
 34.3¡æ, 63.2%RH,2023-05-24 02:06:32
 34.3¡æ, 63.2%RH,2023-05-24 02:07:03
 34.3¡æ, 63.2%RH,2023-05-24 02:07:34
 34.2¡æ, 63.2%RH,2023-05-24 02:08:05
 34.2¡æ, 63.3%RH,2023-05-24 02:08:36
 34.2¡æ, 63.3%RH,2023-05-24 02:09:07
 34.2¡æ, 63.3%RH,2023-05-24 02:09:38
 34.2¡æ, 63.3%RH,2023-05-24 02:10:09
 34.2¡æ, 63.3%RH,2023-05-24 02:10:40
 34.2¡æ, 63.3%RH,2023-05-24 02:11:11
 34.2¡æ, 63.3%RH,2023-05-24 02:11:42
 34.2¡æ, 63.3%RH,2023-05-24 02:12:13
 34.2¡æ, 63.3%RH,2023-05-24 02:12:44
 34.2¡æ, 63.3%RH,2023-05-24 02:13:15
 34.2¡æ, 63.3%RH,2023-05-24 02:13:46
 34.2¡æ, 63.3%RH,2023-05-24 02:14:17
 34.2¡æ, 63.3%RH,2023-05-24 02:14:48
 34.2¡æ, 63.3%RH,2023-05-24 02:15:19
 34.2¡æ, 63.3%RH,2023-05-24 02:15:50
 34.2¡æ, 63.3%RH,2023-05-24 02:16:21
 34.2¡æ, 63.3%RH,2023-05-24 02:16:52
 34.2¡æ, 63.3%RH,2023-05-24 02:17:23
 34.2¡æ, 63.3%RH,2023-05-24 02:17:54
 34.2¡æ, 63.3%RH,2023-05-24 02:18:25
 34.2¡æ, 63.3%RH,2023-05-24 02:18:56
 34.2¡æ, 63.3%RH,2023-05-24 02:19:27
 34.2¡æ, 63.3%RH,2023-05-24 02:19:58
 34.2¡æ, 63.3%RH,2023-05-24 02:20:29
 34.2¡æ, 63.3%RH,2023-05-24 02:21:00
 34.2¡æ, 63.3%RH,2023-05-24 02:21:31
 34.2¡æ, 63.3%RH,2023-05-24 02:22:02
 34.2¡æ, 63.3%RH,2023-05-24 02:22:33
 34.2¡æ, 63.3%RH,2023-05-24 02:23:04
 34.2¡æ, 63.3%RH,2023-05-24 02:23:35
 34.2¡æ, 63.3%RH,2023-05-24 02:24:06
 34.2¡æ, 63.3%RH,2023-05-24 02:24:37
 34.2¡æ, 63.3%RH,2023-05-24 02:25:08
 34.2¡æ, 63.3%RH,2023-05-24 02:25:39
 34.2¡æ, 63.3%RH,2023-05-24 02:26:10
 34.2¡æ, 63.3%RH,2023-05-24 02:26:41
 34.2¡æ, 63.3%RH,2023-05-24 02:27:12
 34.2¡æ, 63.4%RH,2023-05-24 02:27:43
 34.2¡æ, 63.4%RH,2023-05-24 02:28:14
 34.2¡æ, 63.4%RH,2023-05-24 02:28:45
 34.2¡æ, 63.4%RH,2023-05-24 02:29:16
 34.2¡æ, 63.4%RH,2023-05-24 02:29:47
 34.2¡æ, 63.4%RH,2023-05-24 02:30:18
 34.2¡æ, 63.4%RH,2023-05-24 02:30:49
 34.2¡æ, 63.4%RH,2023-05-24 02:31:20
 34.2¡æ, 63.4%RH,2023-05-24 02:31:51
 34.2¡æ, 63.4%RH,2023-05-24 02:32:22
 34.2¡æ, 63.4%RH,2023-05-24 02:32:53
 34.2¡æ, 63.4%RH,2023-05-24 02:33:24
 34.2¡æ, 63.4%RH,2023-05-24 02:33:55
 34.2¡æ, 63.4%RH,2023-05-24 02:34:26
 34.2¡æ, 63.4%RH,2023-05-24 02:34:57
 34.2¡æ, 63.4%RH,2023-05-24 02:35:28
 34.2¡æ, 63.4%RH,2023-05-24 02:35:59
 34.2¡æ, 63.4%RH,2023-05-24 02:36:30
 34.2¡æ, 63.4%RH,2023-05-24 02:37:01
 34.2¡æ, 63.4%RH,2023-05-24 02:37:32
 34.2¡æ, 63.4%RH,2023-05-24 02:38:03
 34.2¡æ, 63.4%RH,2023-05-24 02:38:34
 34.2¡æ, 63.4%RH,2023-05-24 02:39:05
 34.2¡æ, 63.4%RH,2023-05-24 02:39:36
 34.2¡æ, 63.3%RH,2023-05-24 02:40:07
 34.2¡æ, 63.3%RH,2023-05-24 02:40:38
 34.2¡æ, 63.3%RH,2023-05-24 02:41:09
 34.2¡æ, 63.3%RH,2023-05-24 02:41:40
 34.2¡æ, 63.3%RH,2023-05-24 02:42:11
 34.2¡æ, 63.3%RH,2023-05-24 02:42:42
 34.2¡æ, 63.3%RH,2023-05-24 02:43:13
 34.2¡æ, 63.3%RH,2023-05-24 02:43:44
 34.2¡æ, 63.4%RH,2023-05-24 02:44:15
 34.2¡æ, 63.4%RH,2023-05-24 02:44:46
 34.2¡æ, 63.4%RH,2023-05-24 02:45:17
 34.2¡æ, 63.4%RH,2023-05-24 02:45:48
 34.2¡æ, 63.4%RH,2023-05-24 02:46:19
 34.2¡æ, 63.4%RH,2023-05-24 02:46:50
 34.2¡æ, 63.4%RH,2023-05-24 02:47:21
 34.2¡æ, 63.4%RH,2023-05-24 02:47:52
 34.2¡æ, 63.4%RH,2023-05-24 02:48:23
 34.2¡æ, 63.4%RH,2023-05-24 02:48:54
 34.2¡æ, 63.4%RH,2023-05-24 02:49:25
 34.2¡æ, 63.4%RH,2023-05-24 02:49:56
 34.2¡æ, 63.5%RH,2023-05-24 02:50:27
 34.2¡æ, 63.5%RH,2023-05-24 02:50:58
 34.2¡æ, 63.5%RH,2023-05-24 02:51:29
 34.2¡æ, 63.5%RH,2023-05-24 02:52:00
 34.2¡æ, 63.5%RH,2023-05-24 02:52:31
 34.2¡æ, 63.5%RH,2023-05-24 02:53:02
 34.2¡æ, 63.5%RH,2023-05-24 02:53:33
 34.2¡æ, 63.5%RH,2023-05-24 02:54:04
 34.2¡æ, 63.5%RH,2023-05-24 02:54:35
 34.2¡æ, 63.4%RH,2023-05-24 02:55:06
 34.2¡æ, 63.4%RH,2023-05-24 02:55:37
 34.2¡æ, 63.5%RH,2023-05-24 02:56:08
 34.3¡æ, 63.5%RH,2023-05-24 02:56:39
 34.2¡æ, 63.5%RH,2023-05-24 02:57:10
 34.2¡æ, 63.5%RH,2023-05-24 02:57:41
 34.2¡æ, 63.5%RH,2023-05-24 02:58:12
 34.2¡æ, 63.5%RH,2023-05-24 02:58:43
 34.3¡æ, 63.5%RH,2023-05-24 02:59:14
 34.3¡æ, 63.5%RH,2023-05-24 02:59:45
 34.3¡æ, 63.5%RH,2023-05-24 03:00:16
 34.3¡æ, 63.5%RH,2023-05-24 03:00:47
 34.3¡æ, 63.5%RH,2023-05-24 03:01:18
 34.3¡æ, 63.5%RH,2023-05-24 03:01:49
 34.3¡æ, 63.5%RH,2023-05-24 03:02:20
 34.3¡æ, 63.5%RH,2023-05-24 03:02:51
 34.3¡æ, 63.5%RH,2023-05-24 03:03:22
 34.3¡æ, 63.5%RH,2023-05-24 03:03:53
 34.3¡æ, 63.5%RH,2023-05-24 03:04:24
 34.3¡æ, 63.5%RH,2023-05-24 03:04:55
 34.3¡æ, 63.5%RH,2023-05-24 03:05:26
 34.3¡æ, 63.6%RH,2023-05-24 03:05:57
 34.3¡æ, 63.6%RH,2023-05-24 03:06:28
 34.3¡æ, 63.6%RH,2023-05-24 03:06:59
 34.3¡æ, 63.5%RH,2023-05-24 03:07:30
 34.3¡æ, 63.5%RH,2023-05-24 03:08:01
 34.3¡æ, 63.5%RH,2023-05-24 03:08:32
 34.3¡æ, 63.5%RH,2023-05-24 03:09:03
 34.3¡æ, 63.4%RH,2023-05-24 03:09:34
 34.3¡æ, 63.4%RH,2023-05-24 03:10:05
 34.3¡æ, 63.4%RH,2023-05-24 03:10:36
 34.3¡æ, 63.4%RH,2023-05-24 03:11:07
 34.3¡æ, 63.4%RH,2023-05-24 03:11:38
 34.3¡æ, 63.4%RH,2023-05-24 03:12:09
 34.3¡æ, 63.4%RH,2023-05-24 03:12:40
 34.3¡æ, 63.4%RH,2023-05-24 03:13:11
 34.3¡æ, 63.4%RH,2023-05-24 03:13:42
 34.3¡æ, 63.4%RH,2023-05-24 03:14:13
 34.3¡æ, 63.4%RH,2023-05-24 03:14:44
 34.3¡æ, 63.4%RH,2023-05-24 03:15:15
 34.3¡æ, 63.4%RH,2023-05-24 03:15:46
 34.3¡æ, 63.4%RH,2023-05-24 03:16:17
 34.3¡æ, 63.3%RH,2023-05-24 03:16:48
 34.3¡æ, 63.3%RH,2023-05-24 03:17:19
 34.3¡æ, 63.3%RH,2023-05-24 03:17:50
 34.3¡æ, 63.3%RH,2023-05-24 03:18:21
 34.3¡æ, 63.3%RH,2023-05-24 03:18:52
 34.3¡æ, 63.3%RH,2023-05-24 03:19:23
 34.3¡æ, 63.3%RH,2023-05-24 03:19:54
 34.3¡æ, 63.3%RH,2023-05-24 03:20:25
 34.3¡æ, 63.2%RH,2023-05-24 03:20:56
 34.3¡æ, 63.2%RH,2023-05-24 03:21:27
 34.3¡æ, 63.2%RH,2023-05-24 03:21:58
 34.3¡æ, 63.2%RH,2023-05-24 03:22:29
 34.3¡æ, 63.2%RH,2023-05-24 03:23:00
 34.3¡æ, 63.2%RH,2023-05-24 03:23:31
 34.3¡æ, 63.2%RH,2023-05-24 03:24:02
 34.3¡æ, 63.2%RH,2023-05-24 03:24:33
 34.3¡æ, 63.2%RH,2023-05-24 03:25:04
 34.3¡æ, 63.2%RH,2023-05-24 03:25:35
 34.3¡æ, 63.3%RH,2023-05-24 03:26:06
 34.3¡æ, 63.3%RH,2023-05-24 03:26:37
 34.3¡æ, 63.3%RH,2023-05-24 03:27:08
 34.3¡æ, 63.3%RH,2023-05-24 03:27:39
 34.3¡æ, 63.3%RH,2023-05-24 03:28:10
 34.3¡æ, 63.3%RH,2023-05-24 03:28:41
 34.3¡æ, 63.3%RH,2023-05-24 03:29:12
 34.3¡æ, 63.3%RH,2023-05-24 03:29:43
 34.3¡æ, 63.3%RH,2023-05-24 03:30:14
 34.3¡æ, 63.3%RH,2023-05-24 03:30:45
 34.3¡æ, 63.3%RH,2023-05-24 03:31:16
 34.3¡æ, 63.3%RH,2023-05-24 03:31:47
 34.3¡æ, 63.3%RH,2023-05-24 03:32:18
 34.3¡æ, 63.3%RH,2023-05-24 03:32:49
 34.3¡æ, 63.3%RH,2023-05-24 03:33:20
 34.3¡æ, 63.3%RH,2023-05-24 03:33:51
 34.3¡æ, 63.3%RH,2023-05-24 03:34:22
 34.3¡æ, 63.3%RH,2023-05-24 03:34:53
 34.3¡æ, 63.3%RH,2023-05-24 03:35:24
 34.3¡æ, 63.4%RH,2023-05-24 03:35:55
 34.3¡æ, 63.4%RH,2023-05-24 03:36:26
 34.3¡æ, 63.4%RH,2023-05-24 03:36:57
 34.3¡æ, 63.4%RH,2023-05-24 03:37:28
 34.3¡æ, 63.4%RH,2023-05-24 03:37:59
 34.3¡æ, 63.4%RH,2023-05-24 03:38:30
 34.3¡æ, 63.4%RH,2023-05-24 03:39:01
 34.3¡æ, 63.4%RH,2023-05-24 03:39:32
 34.3¡æ, 63.4%RH,2023-05-24 03:40:03
 34.3¡æ, 63.4%RH,2023-05-24 03:40:34
 34.3¡æ, 63.4%RH,2023-05-24 03:41:05
 34.3¡æ, 63.4%RH,2023-05-24 03:41:36
 34.3¡æ, 63.4%RH,2023-05-24 03:42:07
 34.3¡æ, 63.4%RH,2023-05-24 03:42:38
 34.3¡æ, 63.5%RH,2023-05-24 03:43:09
 34.3¡æ, 63.5%RH,2023-05-24 03:43:40
 34.3¡æ, 63.5%RH,2023-05-24 03:44:11
 34.3¡æ, 63.5%RH,2023-05-24 03:44:42
 34.3¡æ, 63.5%RH,2023-05-24 03:45:13
 34.3¡æ, 63.5%RH,2023-05-24 03:45:44
 34.3¡æ, 63.5%RH,2023-05-24 03:46:15
 34.3¡æ, 63.5%RH,2023-05-24 03:46:46
 34.3¡æ, 63.4%RH,2023-05-24 03:47:17
 34.3¡æ, 63.5%RH,2023-05-24 03:47:48
 34.3¡æ, 63.5%RH,2023-05-24 03:48:19
 34.3¡æ, 63.5%RH,2023-05-24 03:48:50
 34.3¡æ, 63.4%RH,2023-05-24 03:49:21
 34.3¡æ, 63.4%RH,2023-05-24 03:49:53
 34.3¡æ, 63.4%RH,2023-05-24 03:50:24
 34.3¡æ, 63.4%RH,2023-05-24 03:50:55
 34.3¡æ, 63.4%RH,2023-05-24 03:51:26
 34.3¡æ, 63.4%RH,2023-05-24 03:51:57
 34.3¡æ, 63.4%RH,2023-05-24 03:52:28
 34.3¡æ, 63.4%RH,2023-05-24 03:52:59
 34.3¡æ, 63.4%RH,2023-05-24 03:53:30
 34.3¡æ, 63.4%RH,2023-05-24 03:54:01
 34.3¡æ, 63.4%RH,2023-05-24 03:54:32
 34.3¡æ, 63.4%RH,2023-05-24 03:55:03
 34.3¡æ, 63.4%RH,2023-05-24 03:55:34
 34.3¡æ, 63.4%RH,2023-05-24 03:56:05
 34.3¡æ, 63.4%RH,2023-05-24 03:56:36
 34.3¡æ, 63.4%RH,2023-05-24 03:57:07
 34.3¡æ, 63.4%RH,2023-05-24 03:57:38
 34.3¡æ, 63.4%RH,2023-05-24 03:58:09
 34.3¡æ, 63.4%RH,2023-05-24 03:58:40
 34.3¡æ, 63.4%RH,2023-05-24 03:59:11
 34.3¡æ, 63.4%RH,2023-05-24 03:59:42
 34.3¡æ, 63.4%RH,2023-05-24 04:00:13
 34.3¡æ, 63.4%RH,2023-05-24 04:00:44
 34.3¡æ, 63.4%RH,2023-05-24 04:01:15
 34.3¡æ, 63.4%RH,2023-05-24 04:01:46
 34.3¡æ, 63.4%RH,2023-05-24 04:02:17
 34.3¡æ, 63.4%RH,2023-05-24 04:02:48
 34.3¡æ, 63.4%RH,2023-05-24 04:03:19
 34.3¡æ, 63.4%RH,2023-05-24 04:03:50
 34.3¡æ, 63.4%RH,2023-05-24 04:04:21
 34.3¡æ, 63.4%RH,2023-05-24 04:04:52
 34.3¡æ, 63.4%RH,2023-05-24 04:05:23
 34.3¡æ, 63.4%RH,2023-05-24 04:05:54
 34.3¡æ, 63.4%RH,2023-05-24 04:06:25
 34.3¡æ, 63.4%RH,2023-05-24 04:06:56
 34.3¡æ, 63.4%RH,2023-05-24 04:07:27
 34.3¡æ, 63.3%RH,2023-05-24 04:07:58
 34.3¡æ, 63.3%RH,2023-05-24 04:08:29
 34.3¡æ, 63.3%RH,2023-05-24 04:09:00
 34.3¡æ, 63.3%RH,2023-05-24 04:09:31
 34.3¡æ, 63.3%RH,2023-05-24 04:10:02
 34.3¡æ, 63.2%RH,2023-05-24 04:10:33
 34.4¡æ, 63.2%RH,2023-05-24 04:11:04
 34.4¡æ, 63.2%RH,2023-05-24 04:11:35
 34.4¡æ, 63.1%RH,2023-05-24 04:12:06
 34.4¡æ, 63.1%RH,2023-05-24 04:12:37
 34.4¡æ, 63.1%RH,2023-05-24 04:13:08
 34.4¡æ, 63.1%RH,2023-05-24 04:13:39
 34.4¡æ, 63.1%RH,2023-05-24 04:14:10
 34.4¡æ, 63.1%RH,2023-05-24 04:14:41
 34.4¡æ, 63.1%RH,2023-05-24 04:15:12
 34.4¡æ, 63.0%RH,2023-05-24 04:15:43
 34.4¡æ, 63.0%RH,2023-05-24 04:16:14
 34.4¡æ, 63.0%RH,2023-05-24 04:16:45
 34.4¡æ, 63.0%RH,2023-05-24 04:17:16
 34.4¡æ, 63.0%RH,2023-05-24 04:17:47
 34.4¡æ, 63.0%RH,2023-05-24 04:18:18
 34.4¡æ, 63.0%RH,2023-05-24 04:18:49
 34.4¡æ, 63.0%RH,2023-05-24 04:19:20
 34.4¡æ, 63.0%RH,2023-05-24 04:19:51
 34.4¡æ, 63.0%RH,2023-05-24 04:20:22
 34.4¡æ, 63.0%RH,2023-05-24 04:20:53
 34.4¡æ, 63.1%RH,2023-05-24 04:21:24
 34.4¡æ, 63.1%RH,2023-05-24 04:21:55
 34.4¡æ, 63.1%RH,2023-05-24 04:22:26
 34.4¡æ, 63.1%RH,2023-05-24 04:22:57
 34.4¡æ, 63.1%RH,2023-05-24 04:23:28
 34.4¡æ, 63.1%RH,2023-05-24 04:23:59
 34.4¡æ, 63.1%RH,2023-05-24 04:24:30
 34.4¡æ, 63.1%RH,2023-05-24 04:25:01
 34.4¡æ, 63.1%RH,2023-05-24 04:25:32
 34.4¡æ, 63.1%RH,2023-05-24 04:26:03
 34.4¡æ, 63.1%RH,2023-05-24 04:26:34
 34.4¡æ, 63.1%RH,2023-05-24 04:27:05
 34.4¡æ, 63.1%RH,2023-05-24 04:27:36
 34.4¡æ, 63.1%RH,2023-05-24 04:28:07
 34.4¡æ, 63.1%RH,2023-05-24 04:28:38
 34.4¡æ, 63.2%RH,2023-05-24 04:29:09
 34.4¡æ, 63.2%RH,2023-05-24 04:29:40
 34.4¡æ, 63.2%RH,2023-05-24 04:30:11
 34.4¡æ, 63.2%RH,2023-05-24 04:30:42
 34.4¡æ, 63.2%RH,2023-05-24 04:31:13
 34.4¡æ, 63.2%RH,2023-05-24 04:31:44
 34.4¡æ, 63.2%RH,2023-05-24 04:32:15
 34.4¡æ, 63.2%RH,2023-05-24 04:32:46
 34.4¡æ, 63.2%RH,2023-05-24 04:33:17
 34.4¡æ, 63.2%RH,2023-05-24 04:33:48
 34.4¡æ, 63.2%RH,2023-05-24 04:34:19
 34.4¡æ, 63.2%RH,2023-05-24 04:34:50
 34.4¡æ, 63.2%RH,2023-05-24 04:35:21
 34.4¡æ, 63.2%RH,2023-05-24 04:35:52
 34.4¡æ, 63.2%RH,2023-05-24 04:36:23
 34.4¡æ, 63.2%RH,2023-05-24 04:36:54
 34.4¡æ, 63.2%RH,2023-05-24 04:37:25
 34.4¡æ, 63.2%RH,2023-05-24 04:37:56
 34.4¡æ, 63.2%RH,2023-05-24 04:38:27
 34.4¡æ, 63.2%RH,2023-05-24 04:38:58
 34.4¡æ, 63.2%RH,2023-05-24 04:39:29
 34.4¡æ, 63.2%RH,2023-05-24 04:40:00
 34.4¡æ, 63.2%RH,2023-05-24 04:40:31
 34.4¡æ, 63.2%RH,2023-05-24 04:41:02
 34.4¡æ, 63.2%RH,2023-05-24 04:41:33
 34.4¡æ, 63.2%RH,2023-05-24 04:42:04
 34.4¡æ, 63.2%RH,2023-05-24 04:42:35
 34.4¡æ, 63.2%RH,2023-05-24 04:43:06
 34.4¡æ, 63.2%RH,2023-05-24 04:43:37
 34.4¡æ, 63.2%RH,2023-05-24 04:44:08
 34.4¡æ, 63.2%RH,2023-05-24 04:44:39
 34.4¡æ, 63.2%RH,2023-05-24 04:45:10
 34.4¡æ, 63.2%RH,2023-05-24 04:45:41
 34.4¡æ, 63.2%RH,2023-05-24 04:46:12
 34.4¡æ, 63.2%RH,2023-05-24 04:46:43
 34.4¡æ, 63.2%RH,2023-05-24 04:47:14
 34.4¡æ, 63.1%RH,2023-05-24 04:47:45
 34.4¡æ, 63.1%RH,2023-05-24 04:48:16
 34.4¡æ, 63.1%RH,2023-05-24 04:48:47
 34.4¡æ, 63.1%RH,2023-05-24 04:49:18
 34.4¡æ, 63.1%RH,2023-05-24 04:49:49
 34.4¡æ, 63.1%RH,2023-05-24 04:50:20
 34.5¡æ, 63.1%RH,2023-05-24 04:50:51
 34.4¡æ, 63.1%RH,2023-05-24 04:51:22
 34.4¡æ, 63.1%RH,2023-05-24 04:51:53
 34.4¡æ, 63.1%RH,2023-05-24 04:52:24
 34.4¡æ, 63.1%RH,2023-05-24 04:52:55
 34.4¡æ, 63.1%RH,2023-05-24 04:53:26
 34.4¡æ, 63.1%RH,2023-05-24 04:53:57
 34.4¡æ, 63.0%RH,2023-05-24 04:54:28
 34.4¡æ, 63.0%RH,2023-05-24 04:54:59
 34.4¡æ, 63.0%RH,2023-05-24 04:55:30
 34.4¡æ, 63.0%RH,2023-05-24 04:56:01
 34.4¡æ, 63.1%RH,2023-05-24 04:56:32
 34.4¡æ, 63.1%RH,2023-05-24 04:57:03
 34.4¡æ, 63.1%RH,2023-05-24 04:57:34
 34.4¡æ, 63.1%RH,2023-05-24 04:58:05
 34.4¡æ, 63.1%RH,2023-05-24 04:58:36
 34.4¡æ, 63.1%RH,2023-05-24 04:59:07
 34.4¡æ, 63.1%RH,2023-05-24 04:59:38
 34.4¡æ, 63.1%RH,2023-05-24 05:00:09
 34.4¡æ, 63.1%RH,2023-05-24 05:00:40
 34.4¡æ, 63.1%RH,2023-05-24 05:01:11
 34.4¡æ, 63.1%RH,2023-05-24 05:01:42
 34.5¡æ, 63.1%RH,2023-05-24 05:02:13
 34.5¡æ, 63.1%RH,2023-05-24 05:02:44
 34.5¡æ, 63.1%RH,2023-05-24 05:03:15
 34.5¡æ, 63.1%RH,2023-05-24 05:03:46
 34.5¡æ, 63.1%RH,2023-05-24 05:04:17
 34.5¡æ, 63.1%RH,2023-05-24 05:04:48
 34.5¡æ, 63.1%RH,2023-05-24 05:05:19
 34.5¡æ, 63.1%RH,2023-05-24 05:05:50
 34.5¡æ, 63.0%RH,2023-05-24 05:06:21
 34.5¡æ, 63.0%RH,2023-05-24 05:06:52
 34.5¡æ, 63.0%RH,2023-05-24 05:07:23
 34.5¡æ, 63.0%RH,2023-05-24 05:07:54
 34.5¡æ, 63.0%RH,2023-05-24 05:08:25
 34.5¡æ, 63.0%RH,2023-05-24 05:08:56
 34.5¡æ, 63.0%RH,2023-05-24 05:09:27
 34.5¡æ, 62.9%RH,2023-05-24 05:09:58
 34.5¡æ, 62.9%RH,2023-05-24 05:10:29
 34.5¡æ, 62.9%RH,2023-05-24 05:11:00
 34.5¡æ, 62.9%RH,2023-05-24 05:11:31
 34.5¡æ, 62.9%RH,2023-05-24 05:12:02
 34.5¡æ, 62.9%RH,2023-05-24 05:12:33
 34.5¡æ, 62.8%RH,2023-05-24 05:13:04
 34.5¡æ, 62.8%RH,2023-05-24 05:13:35
 34.5¡æ, 62.9%RH,2023-05-24 05:14:06
 34.5¡æ, 62.9%RH,2023-05-24 05:14:37
 34.5¡æ, 62.8%RH,2023-05-24 05:15:08
 34.5¡æ, 62.8%RH,2023-05-24 05:15:39
 34.5¡æ, 62.8%RH,2023-05-24 05:16:10
 34.5¡æ, 62.8%RH,2023-05-24 05:16:41
 34.5¡æ, 62.8%RH,2023-05-24 05:17:12
 34.5¡æ, 62.8%RH,2023-05-24 05:17:43
 34.5¡æ, 62.8%RH,2023-05-24 05:18:14
 34.5¡æ, 62.8%RH,2023-05-24 05:18:45
 34.5¡æ, 62.8%RH,2023-05-24 05:19:16
 34.5¡æ, 62.8%RH,2023-05-24 05:19:47
 34.5¡æ, 62.8%RH,2023-05-24 05:20:18
 34.5¡æ, 62.8%RH,2023-05-24 05:20:49
 34.5¡æ, 62.8%RH,2023-05-24 05:21:20
 34.5¡æ, 62.8%RH,2023-05-24 05:21:51
 34.5¡æ, 62.8%RH,2023-05-24 05:22:22
 34.5¡æ, 62.8%RH,2023-05-24 05:22:53
 34.5¡æ, 62.8%RH,2023-05-24 05:23:24
 34.5¡æ, 62.8%RH,2023-05-24 05:23:55
 34.5¡æ, 62.8%RH,2023-05-24 05:24:26
 34.5¡æ, 62.8%RH,2023-05-24 05:24:57
 34.5¡æ, 62.8%RH,2023-05-24 05:25:28
 34.5¡æ, 62.7%RH,2023-05-24 05:25:59
 34.5¡æ, 62.7%RH,2023-05-24 05:26:30
 34.5¡æ, 62.7%RH,2023-05-24 05:27:01
 34.5¡æ, 62.7%RH,2023-05-24 05:27:32
 34.6¡æ, 62.6%RH,2023-05-24 05:28:03
 34.6¡æ, 62.6%RH,2023-05-24 05:28:34
 34.6¡æ, 62.6%RH,2023-05-24 05:29:05
 34.6¡æ, 62.6%RH,2023-05-24 05:29:36
 34.6¡æ, 62.6%RH,2023-05-24 05:30:07
 34.6¡æ, 62.6%RH,2023-05-24 05:30:38
 34.6¡æ, 62.6%RH,2023-05-24 05:31:09
 34.6¡æ, 62.6%RH,2023-05-24 05:31:40
 34.5¡æ, 62.6%RH,2023-05-24 05:32:11
 34.5¡æ, 62.6%RH,2023-05-24 05:32:42
 34.5¡æ, 62.6%RH,2023-05-24 05:33:13
 34.5¡æ, 62.6%RH,2023-05-24 05:33:44
 34.5¡æ, 62.6%RH,2023-05-24 05:34:15
 34.5¡æ, 62.6%RH,2023-05-24 05:34:46
 34.5¡æ, 62.6%RH,2023-05-24 05:35:17
 34.5¡æ, 62.6%RH,2023-05-24 05:35:48
 34.5¡æ, 62.6%RH,2023-05-24 05:36:19
 34.5¡æ, 62.7%RH,2023-05-24 05:36:50
 34.5¡æ, 62.7%RH,2023-05-24 05:37:21
 34.5¡æ, 62.7%RH,2023-05-24 05:37:52
 34.5¡æ, 62.7%RH,2023-05-24 05:38:23
 34.5¡æ, 62.7%RH,2023-05-24 05:38:54
 34.5¡æ, 62.7%RH,2023-05-24 05:39:25
 34.5¡æ, 62.8%RH,2023-05-24 05:39:56
 34.5¡æ, 62.7%RH,2023-05-24 05:40:27
 34.4¡æ, 62.7%RH,2023-05-24 05:40:58
 34.4¡æ, 62.8%RH,2023-05-24 05:41:29
 34.4¡æ, 62.8%RH,2023-05-24 05:42:00
 34.4¡æ, 62.8%RH,2023-05-24 05:42:31
 34.4¡æ, 62.8%RH,2023-05-24 05:43:02
 34.4¡æ, 62.8%RH,2023-05-24 05:43:33
 34.4¡æ, 62.8%RH,2023-05-24 05:44:04
 34.4¡æ, 62.8%RH,2023-05-24 05:44:35
 34.4¡æ, 62.9%RH,2023-05-24 05:45:06
 34.4¡æ, 62.9%RH,2023-05-24 05:45:37
 34.4¡æ, 62.9%RH,2023-05-24 05:46:08
 34.4¡æ, 62.9%RH,2023-05-24 05:46:39
 34.4¡æ, 62.9%RH,2023-05-24 05:47:10
 34.4¡æ, 62.9%RH,2023-05-24 05:47:41
 34.4¡æ, 62.9%RH,2023-05-24 05:48:12
 34.4¡æ, 62.9%RH,2023-05-24 05:48:43
 34.4¡æ, 62.9%RH,2023-05-24 05:49:14
 34.4¡æ, 62.9%RH,2023-05-24 05:49:45
 34.4¡æ, 62.9%RH,2023-05-24 05:50:16
 34.4¡æ, 62.9%RH,2023-05-24 05:50:47
 34.4¡æ, 62.9%RH,2023-05-24 05:51:18
 34.3¡æ, 62.9%RH,2023-05-24 05:51:49
 34.3¡æ, 62.9%RH,2023-05-24 05:52:20
 34.3¡æ, 62.9%RH,2023-05-24 05:52:51
 34.3¡æ, 62.9%RH,2023-05-24 05:53:22
 34.3¡æ, 62.9%RH,2023-05-24 05:53:53
 34.3¡æ, 62.9%RH,2023-05-24 05:54:24
 34.3¡æ, 62.9%RH,2023-05-24 05:54:55
 34.3¡æ, 63.0%RH,2023-05-24 05:55:26
 34.3¡æ, 63.0%RH,2023-05-24 05:55:57
 34.3¡æ, 63.0%RH,2023-05-24 05:56:28
 34.3¡æ, 63.0%RH,2023-05-24 05:56:59
 34.3¡æ, 63.1%RH,2023-05-24 05:57:30
 34.3¡æ, 63.1%RH,2023-05-24 05:58:01
 34.3¡æ, 63.1%RH,2023-05-24 05:58:32
 34.3¡æ, 63.1%RH,2023-05-24 05:59:03
 34.3¡æ, 63.1%RH,2023-05-24 05:59:34
 34.3¡æ, 63.1%RH,2023-05-24 06:00:05
 34.3¡æ, 63.1%RH,2023-05-24 06:00:36
 34.3¡æ, 63.1%RH,2023-05-24 06:01:07
 34.3¡æ, 63.1%RH,2023-05-24 06:01:38
 34.3¡æ, 63.1%RH,2023-05-24 06:02:09
 34.3¡æ, 63.1%RH,2023-05-24 06:02:40
 34.3¡æ, 63.1%RH,2023-05-24 06:03:11
 34.3¡æ, 63.1%RH,2023-05-24 06:03:42
 34.3¡æ, 63.1%RH,2023-05-24 06:04:13
 34.2¡æ, 63.1%RH,2023-05-24 06:04:44
 34.2¡æ, 63.1%RH,2023-05-24 06:05:15
 34.2¡æ, 63.1%RH,2023-05-24 06:05:46
 34.2¡æ, 63.1%RH,2023-05-24 06:06:17
 34.2¡æ, 63.1%RH,2023-05-24 06:06:48
 34.2¡æ, 63.1%RH,2023-05-24 06:07:19
 34.2¡æ, 63.1%RH,2023-05-24 06:07:50
 34.2¡æ, 63.1%RH,2023-05-24 06:08:21
 34.2¡æ, 63.1%RH,2023-05-24 06:08:52
 34.2¡æ, 63.1%RH,2023-05-24 06:09:23
 34.2¡æ, 63.1%RH,2023-05-24 06:09:54
 34.2¡æ, 63.1%RH,2023-05-24 06:10:25
 34.2¡æ, 63.1%RH,2023-05-24 06:10:56
 34.2¡æ, 63.2%RH,2023-05-24 06:11:27
 34.2¡æ, 63.2%RH,2023-05-24 06:11:58
 34.2¡æ, 63.2%RH,2023-05-24 06:12:29
 34.2¡æ, 63.2%RH,2023-05-24 06:13:00
 34.2¡æ, 63.2%RH,2023-05-24 06:13:31
 34.2¡æ, 63.2%RH,2023-05-24 06:14:02
 34.2¡æ, 63.2%RH,2023-05-24 06:14:33
 34.2¡æ, 63.2%RH,2023-05-24 06:15:04
 34.2¡æ, 63.3%RH,2023-05-24 06:15:35
 34.2¡æ, 63.3%RH,2023-05-24 06:16:06
 34.2¡æ, 63.3%RH,2023-05-24 06:16:37
 34.2¡æ, 63.3%RH,2023-05-24 06:17:08
 34.2¡æ, 63.3%RH,2023-05-24 06:17:39
 34.2¡æ, 63.3%RH,2023-05-24 06:18:10
 34.2¡æ, 63.3%RH,2023-05-24 06:18:42
 34.2¡æ, 63.3%RH,2023-05-24 06:19:13
 34.2¡æ, 63.3%RH,2023-05-24 06:19:44
 34.2¡æ, 63.3%RH,2023-05-24 06:20:15
 34.1¡æ, 63.3%RH,2023-05-24 06:20:46
 34.2¡æ, 63.3%RH,2023-05-24 06:21:17
 34.2¡æ, 63.3%RH,2023-05-24 06:21:48
 34.1¡æ, 63.3%RH,2023-05-24 06:22:19
 34.1¡æ, 63.3%RH,2023-05-24 06:22:50
 34.1¡æ, 63.3%RH,2023-05-24 06:23:21
 34.2¡æ, 63.3%RH,2023-05-24 06:23:52
 34.1¡æ, 63.4%RH,2023-05-24 06:24:23
 34.1¡æ, 63.4%RH,2023-05-24 06:24:54
 34.1¡æ, 63.4%RH,2023-05-24 06:25:25
 34.1¡æ, 63.4%RH,2023-05-24 06:25:56
 34.1¡æ, 63.4%RH,2023-05-24 06:26:27
 34.1¡æ, 63.4%RH,2023-05-24 06:26:58
 34.2¡æ, 63.4%RH,2023-05-24 06:27:29
 34.2¡æ, 63.4%RH,2023-05-24 06:28:00
 34.2¡æ, 63.3%RH,2023-05-24 06:28:31
 34.2¡æ, 63.3%RH,2023-05-24 06:29:02
 34.2¡æ, 63.3%RH,2023-05-24 06:29:33
 34.2¡æ, 63.3%RH,2023-05-24 06:30:04
 34.2¡æ, 63.3%RH,2023-05-24 06:30:35
 34.2¡æ, 63.3%RH,2023-05-24 06:31:06
 34.2¡æ, 63.3%RH,2023-05-24 06:31:37
 34.2¡æ, 63.2%RH,2023-05-24 06:32:08
 34.2¡æ, 63.2%RH,2023-05-24 06:32:39
 34.2¡æ, 63.2%RH,2023-05-24 06:33:10
 34.2¡æ, 63.2%RH,2023-05-24 06:33:41
 34.2¡æ, 63.2%RH,2023-05-24 06:34:12
 34.2¡æ, 63.2%RH,2023-05-24 06:34:43
 34.2¡æ, 63.2%RH,2023-05-24 06:35:14
 34.2¡æ, 63.2%RH,2023-05-24 06:35:45
 34.2¡æ, 63.2%RH,2023-05-24 06:36:16
 34.2¡æ, 63.2%RH,2023-05-24 06:36:47
 34.2¡æ, 63.2%RH,2023-05-24 06:37:18
 34.2¡æ, 63.2%RH,2023-05-24 06:37:49
 34.2¡æ, 63.2%RH,2023-05-24 06:38:20
 34.2¡æ, 63.2%RH,2023-05-24 06:38:51
 34.2¡æ, 63.2%RH,2023-05-24 06:39:22
 34.2¡æ, 63.2%RH,2023-05-24 06:39:53
 34.2¡æ, 63.2%RH,2023-05-24 06:40:24
 34.2¡æ, 63.2%RH,2023-05-24 06:40:55
 34.2¡æ, 63.2%RH,2023-05-24 06:41:26
 34.2¡æ, 63.2%RH,2023-05-24 06:41:57
 34.2¡æ, 63.2%RH,2023-05-24 06:42:28
 34.2¡æ, 63.2%RH,2023-05-24 06:42:59
 34.2¡æ, 63.1%RH,2023-05-24 06:43:31
 34.2¡æ, 63.2%RH,2023-05-24 06:44:02
 34.2¡æ, 63.2%RH,2023-05-24 06:44:33
 34.2¡æ, 63.2%RH,2023-05-24 06:45:04
 34.2¡æ, 63.2%RH,2023-05-24 06:45:35
 34.2¡æ, 63.2%RH,2023-05-24 06:46:06
 34.2¡æ, 63.2%RH,2023-05-24 06:46:37
 34.2¡æ, 63.1%RH,2023-05-24 06:47:08
 34.2¡æ, 63.1%RH,2023-05-24 06:47:39
 34.2¡æ, 63.1%RH,2023-05-24 06:48:10
 34.3¡æ, 63.1%RH,2023-05-24 06:48:41
 34.3¡æ, 63.1%RH,2023-05-24 06:49:12
 34.3¡æ, 63.1%RH,2023-05-24 06:49:43
 34.3¡æ, 63.1%RH,2023-05-24 06:50:14
 34.3¡æ, 63.1%RH,2023-05-24 06:50:45
 34.3¡æ, 63.0%RH,2023-05-24 06:51:16
 34.3¡æ, 63.0%RH,2023-05-24 06:51:47
 34.3¡æ, 63.0%RH,2023-05-24 06:52:18
 34.4¡æ, 62.9%RH,2023-05-24 06:52:49
 34.4¡æ, 62.9%RH,2023-05-24 06:53:20
 34.4¡æ, 62.9%RH,2023-05-24 06:53:51
 34.4¡æ, 62.9%RH,2023-05-24 06:54:22
 34.4¡æ, 62.8%RH,2023-05-24 06:54:53
 34.4¡æ, 62.8%RH,2023-05-24 06:55:24
 34.4¡æ, 62.7%RH,2023-05-24 06:55:55
 34.5¡æ, 62.7%RH,2023-05-24 06:56:26
 34.5¡æ, 62.7%RH,2023-05-24 06:56:57
 34.5¡æ, 62.6%RH,2023-05-24 06:57:28
 34.5¡æ, 62.6%RH,2023-05-24 06:57:59
 34.5¡æ, 62.6%RH,2023-05-24 06:58:30
 34.5¡æ, 62.6%RH,2023-05-24 06:59:01
 34.5¡æ, 62.5%RH,2023-05-24 06:59:32
 34.5¡æ, 62.5%RH,2023-05-24 07:00:03
 34.5¡æ, 62.5%RH,2023-05-24 07:00:34
 34.5¡æ, 62.5%RH,2023-05-24 07:01:05
 34.5¡æ, 62.5%RH,2023-05-24 07:01:36
 34.5¡æ, 62.5%RH,2023-05-24 07:02:07
 34.6¡æ, 62.5%RH,2023-05-24 07:02:38
 34.5¡æ, 62.5%RH,2023-05-24 07:03:09
 34.6¡æ, 62.5%RH,2023-05-24 07:03:40
 34.6¡æ, 62.5%RH,2023-05-24 07:04:11
 34.6¡æ, 62.5%RH,2023-05-24 07:04:42
 34.6¡æ, 62.5%RH,2023-05-24 07:05:13
 34.6¡æ, 62.5%RH,2023-05-24 07:05:44
 34.6¡æ, 62.5%RH,2023-05-24 07:06:15
 34.6¡æ, 62.4%RH,2023-05-24 07:06:46
 34.6¡æ, 62.4%RH,2023-05-24 07:07:17
 34.6¡æ, 62.4%RH,2023-05-24 07:07:48
 34.6¡æ, 62.4%RH,2023-05-24 07:08:19
 34.6¡æ, 62.4%RH,2023-05-24 07:08:50
 34.6¡æ, 62.4%RH,2023-05-24 07:09:21
 34.6¡æ, 62.4%RH,2023-05-24 07:09:52
 34.6¡æ, 62.4%RH,2023-05-24 07:10:23
 34.6¡æ, 62.4%RH,2023-05-24 07:10:54
 34.6¡æ, 62.5%RH,2023-05-24 07:11:25
 34.6¡æ, 62.5%RH,2023-05-24 07:11:56
 34.6¡æ, 62.5%RH,2023-05-24 07:12:27
 34.6¡æ, 62.5%RH,2023-05-24 07:12:58
 34.6¡æ, 62.5%RH,2023-05-24 07:13:29
 34.6¡æ, 62.5%RH,2023-05-24 07:14:00
 34.6¡æ, 62.5%RH,2023-05-24 07:14:31
 34.6¡æ, 62.5%RH,2023-05-24 07:15:02
 34.6¡æ, 62.6%RH,2023-05-24 07:15:33
 34.6¡æ, 62.6%RH,2023-05-24 07:16:04
 34.6¡æ, 62.7%RH,2023-05-24 07:16:35
 34.6¡æ, 62.7%RH,2023-05-24 07:17:06
 34.6¡æ, 62.7%RH,2023-05-24 07:17:37
 34.6¡æ, 62.7%RH,2023-05-24 07:18:08
 34.6¡æ, 62.7%RH,2023-05-24 07:18:39
 34.6¡æ, 62.7%RH,2023-05-24 07:19:10
 34.6¡æ, 62.7%RH,2023-05-24 07:19:41
 34.6¡æ, 62.7%RH,2023-05-24 07:20:12
 34.6¡æ, 62.7%RH,2023-05-24 07:20:43
 34.6¡æ, 62.6%RH,2023-05-24 07:21:14
 34.5¡æ, 62.6%RH,2023-05-24 07:21:45
 34.6¡æ, 62.6%RH,2023-05-24 07:22:16
 34.6¡æ, 62.6%RH,2023-05-24 07:22:47
 34.6¡æ, 62.6%RH,2023-05-24 07:23:18
 34.6¡æ, 62.6%RH,2023-05-24 07:23:49
 34.6¡æ, 62.6%RH,2023-05-24 07:24:20
 34.6¡æ, 62.5%RH,2023-05-24 07:24:51
 34.6¡æ, 62.5%RH,2023-05-24 07:25:22
 34.6¡æ, 62.5%RH,2023-05-24 07:25:53
 34.6¡æ, 62.5%RH,2023-05-24 07:26:24
 34.6¡æ, 62.5%RH,2023-05-24 07:26:55
 34.6¡æ, 62.5%RH,2023-05-24 07:27:26
 34.6¡æ, 62.5%RH,2023-05-24 07:27:57
 34.6¡æ, 62.5%RH,2023-05-24 07:28:28
 34.6¡æ, 62.6%RH,2023-05-24 07:28:59
 34.5¡æ, 62.6%RH,2023-05-24 07:29:30
 34.5¡æ, 62.6%RH,2023-05-24 07:30:01
 34.5¡æ, 62.7%RH,2023-05-24 07:30:32
 34.5¡æ, 62.7%RH,2023-05-24 07:31:03
 34.5¡æ, 62.7%RH,2023-05-24 07:31:34
 34.5¡æ, 62.8%RH,2023-05-24 07:32:05
 34.5¡æ, 62.8%RH,2023-05-24 07:32:36
 34.5¡æ, 62.8%RH,2023-05-24 07:33:07
 34.5¡æ, 62.8%RH,2023-05-24 07:33:38
 34.5¡æ, 62.8%RH,2023-05-24 07:34:09
 34.5¡æ, 62.8%RH,2023-05-24 07:34:40
 34.5¡æ, 62.8%RH,2023-05-24 07:35:11
 34.5¡æ, 62.8%RH,2023-05-24 07:35:42
 34.5¡æ, 62.9%RH,2023-05-24 07:36:13
 34.5¡æ, 62.9%RH,2023-05-24 07:36:44
 34.5¡æ, 62.9%RH,2023-05-24 07:37:15
 34.5¡æ, 63.0%RH,2023-05-24 07:37:46
 34.5¡æ, 63.0%RH,2023-05-24 07:38:17
 34.5¡æ, 63.0%RH,2023-05-24 07:38:48
 34.5¡æ, 63.0%RH,2023-05-24 07:39:19
 34.5¡æ, 62.9%RH,2023-05-24 07:39:50
 34.5¡æ, 62.9%RH,2023-05-24 07:40:21
 34.5¡æ, 62.9%RH,2023-05-24 07:40:52
 34.5¡æ, 62.8%RH,2023-05-24 07:41:23
 34.5¡æ, 62.8%RH,2023-05-24 07:41:54
 34.5¡æ, 62.8%RH,2023-05-24 07:42:25
 34.5¡æ, 62.8%RH,2023-05-24 07:42:56
 34.6¡æ, 62.8%RH,2023-05-24 07:43:27
 34.6¡æ, 62.7%RH,2023-05-24 07:43:58
 34.6¡æ, 62.7%RH,2023-05-24 07:44:29
 34.6¡æ, 62.7%RH,2023-05-24 07:45:00
 34.6¡æ, 62.7%RH,2023-05-24 07:45:31
 34.6¡æ, 62.6%RH,2023-05-24 07:46:02
 34.6¡æ, 62.6%RH,2023-05-24 07:46:33
 34.6¡æ, 62.7%RH,2023-05-24 07:47:04
 34.6¡æ, 62.7%RH,2023-05-24 07:47:35
 34.6¡æ, 62.6%RH,2023-05-24 07:48:06
 34.6¡æ, 62.6%RH,2023-05-24 07:48:37
 34.6¡æ, 62.6%RH,2023-05-24 07:49:08
 34.6¡æ, 62.6%RH,2023-05-24 07:49:39
 34.6¡æ, 62.6%RH,2023-05-24 07:50:10
 34.6¡æ, 62.5%RH,2023-05-24 07:50:41
 34.6¡æ, 62.5%RH,2023-05-24 07:51:12
 34.6¡æ, 62.5%RH,2023-05-24 07:51:43
 34.6¡æ, 62.5%RH,2023-05-24 07:52:14
 34.6¡æ, 62.5%RH,2023-05-24 07:52:45
 34.6¡æ, 62.5%RH,2023-05-24 07:53:16
 34.7¡æ, 62.5%RH,2023-05-24 07:53:47
 34.7¡æ, 62.5%RH,2023-05-24 07:54:18
 34.7¡æ, 62.4%RH,2023-05-24 07:54:49
 34.7¡æ, 62.4%RH,2023-05-24 07:55:20
 34.7¡æ, 62.3%RH,2023-05-24 07:55:51
 34.7¡æ, 62.3%RH,2023-05-24 07:56:22
 34.7¡æ, 62.2%RH,2023-05-24 07:56:53
 34.7¡æ, 62.2%RH,2023-05-24 07:57:24
 34.7¡æ, 62.2%RH,2023-05-24 07:57:55
 34.7¡æ, 62.2%RH,2023-05-24 07:58:26
 34.7¡æ, 62.2%RH,2023-05-24 07:58:57
 34.7¡æ, 62.2%RH,2023-05-24 07:59:28
 34.7¡æ, 62.2%RH,2023-05-24 07:59:59
 34.7¡æ, 62.2%RH,2023-05-24 08:00:30
 34.7¡æ, 62.2%RH,2023-05-24 08:01:01
 34.7¡æ, 62.2%RH,2023-05-24 08:01:32
 34.7¡æ, 62.2%RH,2023-05-24 08:02:03
 34.7¡æ, 62.2%RH,2023-05-24 08:02:34
 34.7¡æ, 62.2%RH,2023-05-24 08:03:05
 34.7¡æ, 62.2%RH,2023-05-24 08:03:36
 34.7¡æ, 62.2%RH,2023-05-24 08:04:07
 34.7¡æ, 62.2%RH,2023-05-24 08:04:38
 34.7¡æ, 62.3%RH,2023-05-24 08:05:09
