PM2.5,PM10,Date&Time
   8mg/m3,   9mg/m3,2023-05-23 21:45:35
  14mg/m3,  16mg/m3,2023-05-23 21:46:06
  10mg/m3,  11mg/m3,2023-05-23 21:46:37
   8mg/m3,  10mg/m3,2023-05-23 21:47:08
   8mg/m3,   9mg/m3,2023-05-23 21:47:39
   8mg/m3,  11mg/m3,2023-05-23 21:48:10
   7mg/m3,   8mg/m3,2023-05-23 21:48:41
   6mg/m3,   7mg/m3,2023-05-23 21:49:12
   6mg/m3,   7mg/m3,2023-05-23 21:49:43
   8mg/m3,  10mg/m3,2023-05-23 21:50:14
   6mg/m3,   8mg/m3,2023-05-23 21:50:45
   7mg/m3,   9mg/m3,2023-05-23 21:51:16
   7mg/m3,   8mg/m3,2023-05-23 21:51:47
  10mg/m3,  11mg/m3,2023-05-23 21:52:18
   9mg/m3,  10mg/m3,2023-05-23 21:52:49
   8mg/m3,   9mg/m3,2023-05-23 21:53:20
   5mg/m3,   6mg/m3,2023-05-23 21:53:51
   5mg/m3,   6mg/m3,2023-05-23 21:54:22
   6mg/m3,   7mg/m3,2023-05-23 21:54:53
   6mg/m3,   7mg/m3,2023-05-23 21:55:24
   7mg/m3,   9mg/m3,2023-05-23 21:55:55
   5mg/m3,   6mg/m3,2023-05-23 21:56:26
   6mg/m3,   7mg/m3,2023-05-23 21:56:57
   7mg/m3,   8mg/m3,2023-05-23 21:57:28
   8mg/m3,   9mg/m3,2023-05-23 21:57:59
   6mg/m3,   7mg/m3,2023-05-23 21:58:30
   5mg/m3,   6mg/m3,2023-05-23 21:59:01
   7mg/m3,   8mg/m3,2023-05-23 21:59:32
   9mg/m3,  10mg/m3,2023-05-23 22:00:03
   8mg/m3,   9mg/m3,2023-05-23 22:00:34
   9mg/m3,  10mg/m3,2023-05-23 22:01:05
   7mg/m3,   9mg/m3,2023-05-23 22:01:36
   8mg/m3,   9mg/m3,2023-05-23 22:02:07
   7mg/m3,   8mg/m3,2023-05-23 22:02:38
   6mg/m3,  10mg/m3,2023-05-23 22:03:09
   7mg/m3,   9mg/m3,2023-05-23 22:03:40
   7mg/m3,  11mg/m3,2023-05-23 22:04:11
   7mg/m3,   8mg/m3,2023-05-23 22:04:42
   6mg/m3,   7mg/m3,2023-05-23 22:05:13
   6mg/m3,   7mg/m3,2023-05-23 22:05:44
   4mg/m3,   5mg/m3,2023-05-23 22:06:15
   7mg/m3,   8mg/m3,2023-05-23 22:06:46
   7mg/m3,   8mg/m3,2023-05-23 22:07:17
   8mg/m3,  10mg/m3,2023-05-23 22:07:48
   7mg/m3,   9mg/m3,2023-05-23 22:08:19
   8mg/m3,   9mg/m3,2023-05-23 22:08:50
   6mg/m3,   7mg/m3,2023-05-23 22:09:21
   8mg/m3,   9mg/m3,2023-05-23 22:09:52
   9mg/m3,  10mg/m3,2023-05-23 22:10:23
   6mg/m3,   7mg/m3,2023-05-23 22:10:54
   6mg/m3,   7mg/m3,2023-05-23 22:11:25
   5mg/m3,   6mg/m3,2023-05-23 22:11:56
   6mg/m3,   7mg/m3,2023-05-23 22:12:27
  11mg/m3,  12mg/m3,2023-05-23 22:12:58
  12mg/m3,  14mg/m3,2023-05-23 22:13:29
   7mg/m3,   8mg/m3,2023-05-23 22:14:00
   6mg/m3,   7mg/m3,2023-05-23 22:14:31
   7mg/m3,   8mg/m3,2023-05-23 22:15:02
   8mg/m3,   9mg/m3,2023-05-23 22:15:33
   7mg/m3,   9mg/m3,2023-05-23 22:16:04
   8mg/m3,   9mg/m3,2023-05-23 22:16:35
   9mg/m3,  10mg/m3,2023-05-23 22:17:06
   7mg/m3,   9mg/m3,2023-05-23 22:17:37
   6mg/m3,   7mg/m3,2023-05-23 22:18:08
   7mg/m3,  11mg/m3,2023-05-23 22:18:39
   7mg/m3,   8mg/m3,2023-05-23 22:19:10
  11mg/m3,  15mg/m3,2023-05-23 22:19:41
   7mg/m3,   9mg/m3,2023-05-23 22:20:12
   7mg/m3,   8mg/m3,2023-05-23 22:20:43
   7mg/m3,   8mg/m3,2023-05-23 22:21:14
   7mg/m3,   9mg/m3,2023-05-23 22:21:45
   7mg/m3,   8mg/m3,2023-05-23 22:22:16
   8mg/m3,   9mg/m3,2023-05-23 22:22:47
   9mg/m3,  10mg/m3,2023-05-23 22:23:18
   9mg/m3,  11mg/m3,2023-05-23 22:23:49
   9mg/m3,  10mg/m3,2023-05-23 22:24:20
  11mg/m3,  13mg/m3,2023-05-23 22:24:51
  10mg/m3,  12mg/m3,2023-05-23 22:25:22
  13mg/m3,  14mg/m3,2023-05-23 22:25:53
  10mg/m3,  11mg/m3,2023-05-23 22:26:24
   9mg/m3,  12mg/m3,2023-05-23 22:26:55
  10mg/m3,  12mg/m3,2023-05-23 22:27:26
  10mg/m3,  11mg/m3,2023-05-23 22:27:57
  10mg/m3,  15mg/m3,2023-05-23 22:28:28
  10mg/m3,  11mg/m3,2023-05-23 22:28:59
   9mg/m3,  13mg/m3,2023-05-23 22:29:30
   8mg/m3,  11mg/m3,2023-05-23 22:30:01
  10mg/m3,  11mg/m3,2023-05-23 22:30:32
   9mg/m3,  12mg/m3,2023-05-23 22:31:03
   7mg/m3,   9mg/m3,2023-05-23 22:31:34
   7mg/m3,   8mg/m3,2023-05-23 22:32:05
   6mg/m3,   7mg/m3,2023-05-23 22:32:36
  12mg/m3,  13mg/m3,2023-05-23 22:33:07
   8mg/m3,   9mg/m3,2023-05-23 22:33:38
   7mg/m3,   8mg/m3,2023-05-23 22:34:09
   7mg/m3,   8mg/m3,2023-05-23 22:34:40
   8mg/m3,   9mg/m3,2023-05-23 22:35:11
   7mg/m3,   8mg/m3,2023-05-23 22:35:42
   8mg/m3,   9mg/m3,2023-05-23 22:36:13
   6mg/m3,   7mg/m3,2023-05-23 22:36:44
   7mg/m3,   8mg/m3,2023-05-23 22:37:15
   8mg/m3,   9mg/m3,2023-05-23 22:37:46
   4mg/m3,   5mg/m3,2023-05-23 22:38:17
   5mg/m3,   7mg/m3,2023-05-23 22:38:48
   6mg/m3,   7mg/m3,2023-05-23 22:39:19
   5mg/m3,   6mg/m3,2023-05-23 22:39:50
   6mg/m3,   7mg/m3,2023-05-23 22:40:21
   7mg/m3,   8mg/m3,2023-05-23 22:40:52
   7mg/m3,   8mg/m3,2023-05-23 22:41:23
   7mg/m3,   8mg/m3,2023-05-23 22:41:54
   6mg/m3,   7mg/m3,2023-05-23 22:42:25
   6mg/m3,   7mg/m3,2023-05-23 22:42:56
   6mg/m3,  10mg/m3,2023-05-23 22:43:27
   6mg/m3,   8mg/m3,2023-05-23 22:43:58
   6mg/m3,   7mg/m3,2023-05-23 22:44:29
   5mg/m3,   6mg/m3,2023-05-23 22:45:00
   6mg/m3,   8mg/m3,2023-05-23 22:45:31
   9mg/m3,  10mg/m3,2023-05-23 22:46:02
   6mg/m3,   7mg/m3,2023-05-23 22:46:33
   7mg/m3,   8mg/m3,2023-05-23 22:47:04
   9mg/m3,  11mg/m3,2023-05-23 22:47:35
   7mg/m3,   8mg/m3,2023-05-23 22:48:06
   7mg/m3,   8mg/m3,2023-05-23 22:48:37
   8mg/m3,   9mg/m3,2023-05-23 22:49:08
   9mg/m3,  12mg/m3,2023-05-23 22:49:39
   7mg/m3,   9mg/m3,2023-05-23 22:50:10
   7mg/m3,   8mg/m3,2023-05-23 22:50:41
   6mg/m3,   7mg/m3,2023-05-23 22:51:12
   7mg/m3,   8mg/m3,2023-05-23 22:51:43
   6mg/m3,   7mg/m3,2023-05-23 22:52:14
   8mg/m3,  10mg/m3,2023-05-23 22:52:45
   9mg/m3,  10mg/m3,2023-05-23 22:53:16
   9mg/m3,  11mg/m3,2023-05-23 22:53:47
   9mg/m3,  11mg/m3,2023-05-23 22:54:18
  10mg/m3,  11mg/m3,2023-05-23 22:54:49
   9mg/m3,  12mg/m3,2023-05-23 22:55:20
  10mg/m3,  13mg/m3,2023-05-23 22:55:51
  10mg/m3,  11mg/m3,2023-05-23 22:56:22
  10mg/m3,  11mg/m3,2023-05-23 22:56:53
   9mg/m3,  12mg/m3,2023-05-23 22:57:24
   7mg/m3,   9mg/m3,2023-05-23 22:57:55
  11mg/m3,  12mg/m3,2023-05-23 22:58:26
  11mg/m3,  12mg/m3,2023-05-23 22:58:57
  10mg/m3,  17mg/m3,2023-05-23 22:59:28
   7mg/m3,   8mg/m3,2023-05-23 22:59:59
  12mg/m3,  13mg/m3,2023-05-23 23:00:30
   9mg/m3,  11mg/m3,2023-05-23 23:01:01
   9mg/m3,  12mg/m3,2023-05-23 23:01:32
   8mg/m3,  12mg/m3,2023-05-23 23:02:03
  10mg/m3,  11mg/m3,2023-05-23 23:02:34
   9mg/m3,  11mg/m3,2023-05-23 23:03:05
   8mg/m3,  11mg/m3,2023-05-23 23:03:36
   9mg/m3,  10mg/m3,2023-05-23 23:04:07
   9mg/m3,  10mg/m3,2023-05-23 23:04:38
   9mg/m3,  10mg/m3,2023-05-23 23:05:10
  10mg/m3,  12mg/m3,2023-05-23 23:05:41
   8mg/m3,   9mg/m3,2023-05-23 23:06:12
   9mg/m3,  12mg/m3,2023-05-23 23:06:43
  10mg/m3,  11mg/m3,2023-05-23 23:07:14
  13mg/m3,  15mg/m3,2023-05-23 23:07:45
  11mg/m3,  12mg/m3,2023-05-23 23:08:16
  11mg/m3,  12mg/m3,2023-05-23 23:08:47
  10mg/m3,  13mg/m3,2023-05-23 23:09:18
  11mg/m3,  12mg/m3,2023-05-23 23:09:49
  10mg/m3,  11mg/m3,2023-05-23 23:10:20
  10mg/m3,  11mg/m3,2023-05-23 23:10:51
   9mg/m3,  10mg/m3,2023-05-23 23:11:22
   7mg/m3,   8mg/m3,2023-05-23 23:11:53
   8mg/m3,   9mg/m3,2023-05-23 23:12:24
   9mg/m3,  11mg/m3,2023-05-23 23:12:55
   7mg/m3,   8mg/m3,2023-05-23 23:13:26
   9mg/m3,  11mg/m3,2023-05-23 23:13:57
   7mg/m3,   8mg/m3,2023-05-23 23:14:28
   7mg/m3,  10mg/m3,2023-05-23 23:14:59
   9mg/m3,  11mg/m3,2023-05-23 23:15:30
   9mg/m3,  10mg/m3,2023-05-23 23:16:01
   7mg/m3,   8mg/m3,2023-05-23 23:16:32
   9mg/m3,  10mg/m3,2023-05-23 23:17:03
   8mg/m3,  10mg/m3,2023-05-23 23:17:34
   8mg/m3,   9mg/m3,2023-05-23 23:18:05
   7mg/m3,   8mg/m3,2023-05-23 23:18:36
   6mg/m3,   7mg/m3,2023-05-23 23:19:07
   7mg/m3,   8mg/m3,2023-05-23 23:19:38
   6mg/m3,   7mg/m3,2023-05-23 23:20:09
   6mg/m3,   7mg/m3,2023-05-23 23:20:40
   7mg/m3,   8mg/m3,2023-05-23 23:21:11
   6mg/m3,   7mg/m3,2023-05-23 23:21:42
   6mg/m3,   7mg/m3,2023-05-23 23:22:13
   8mg/m3,   9mg/m3,2023-05-23 23:22:44
   8mg/m3,  11mg/m3,2023-05-23 23:23:15
   8mg/m3,  12mg/m3,2023-05-23 23:23:46
   6mg/m3,   7mg/m3,2023-05-23 23:24:17
   8mg/m3,  10mg/m3,2023-05-23 23:24:48
   7mg/m3,   8mg/m3,2023-05-23 23:25:19
   8mg/m3,   9mg/m3,2023-05-23 23:25:50
  10mg/m3,  13mg/m3,2023-05-23 23:26:21
   9mg/m3,  10mg/m3,2023-05-23 23:26:52
   6mg/m3,   7mg/m3,2023-05-23 23:27:23
   6mg/m3,   9mg/m3,2023-05-23 23:27:54
   8mg/m3,   9mg/m3,2023-05-23 23:28:25
   8mg/m3,  13mg/m3,2023-05-23 23:28:56
   9mg/m3,  10mg/m3,2023-05-23 23:29:27
   9mg/m3,  10mg/m3,2023-05-23 23:29:58
  12mg/m3,  13mg/m3,2023-05-23 23:30:29
  10mg/m3,  13mg/m3,2023-05-23 23:31:00
   9mg/m3,  10mg/m3,2023-05-23 23:31:31
  12mg/m3,  13mg/m3,2023-05-23 23:32:02
  10mg/m3,  12mg/m3,2023-05-23 23:32:33
   7mg/m3,   8mg/m3,2023-05-23 23:33:04
   9mg/m3,  10mg/m3,2023-05-23 23:33:35
  10mg/m3,  12mg/m3,2023-05-23 23:34:06
  11mg/m3,  12mg/m3,2023-05-23 23:34:37
   9mg/m3,  10mg/m3,2023-05-23 23:35:08
   8mg/m3,   9mg/m3,2023-05-23 23:35:39
   8mg/m3,   9mg/m3,2023-05-23 23:36:10
   7mg/m3,   8mg/m3,2023-05-23 23:36:41
   6mg/m3,   7mg/m3,2023-05-23 23:37:12
   7mg/m3,   9mg/m3,2023-05-23 23:37:43
   7mg/m3,   9mg/m3,2023-05-23 23:38:14
   8mg/m3,   9mg/m3,2023-05-23 23:38:45
   8mg/m3,   9mg/m3,2023-05-23 23:39:16
   8mg/m3,   9mg/m3,2023-05-23 23:39:47
   7mg/m3,   8mg/m3,2023-05-23 23:40:18
   8mg/m3,   9mg/m3,2023-05-23 23:40:49
   7mg/m3,   8mg/m3,2023-05-23 23:41:20
   8mg/m3,   9mg/m3,2023-05-23 23:41:51
   7mg/m3,   8mg/m3,2023-05-23 23:42:22
   8mg/m3,  13mg/m3,2023-05-23 23:42:53
   5mg/m3,   6mg/m3,2023-05-23 23:43:24
   6mg/m3,   7mg/m3,2023-05-23 23:43:55
   7mg/m3,   8mg/m3,2023-05-23 23:44:26
   7mg/m3,   8mg/m3,2023-05-23 23:44:57
   7mg/m3,  10mg/m3,2023-05-23 23:45:28
   7mg/m3,   9mg/m3,2023-05-23 23:45:59
   6mg/m3,  10mg/m3,2023-05-23 23:46:30
   6mg/m3,   7mg/m3,2023-05-23 23:47:01
   8mg/m3,   9mg/m3,2023-05-23 23:47:32
   7mg/m3,  10mg/m3,2023-05-23 23:48:03
   8mg/m3,   9mg/m3,2023-05-23 23:48:34
  10mg/m3,  11mg/m3,2023-05-23 23:49:05
   9mg/m3,  10mg/m3,2023-05-23 23:49:36
  12mg/m3,  14mg/m3,2023-05-23 23:50:07
  14mg/m3,  17mg/m3,2023-05-23 23:50:38
  18mg/m3,  22mg/m3,2023-05-23 23:51:09
  16mg/m3,  19mg/m3,2023-05-23 23:51:40
  18mg/m3,  21mg/m3,2023-05-23 23:52:11
  13mg/m3,  14mg/m3,2023-05-23 23:52:42
   9mg/m3,  11mg/m3,2023-05-23 23:53:13
   7mg/m3,   8mg/m3,2023-05-23 23:53:44
   9mg/m3,  10mg/m3,2023-05-23 23:54:15
   8mg/m3,   9mg/m3,2023-05-23 23:54:46
   8mg/m3,   9mg/m3,2023-05-23 23:55:17
   9mg/m3,  10mg/m3,2023-05-23 23:55:48
   7mg/m3,   8mg/m3,2023-05-23 23:56:19
   8mg/m3,  10mg/m3,2023-05-23 23:56:50
   9mg/m3,  10mg/m3,2023-05-23 23:57:21
   9mg/m3,  10mg/m3,2023-05-23 23:57:52
   8mg/m3,   9mg/m3,2023-05-23 23:58:23
  10mg/m3,  11mg/m3,2023-05-23 23:58:54
   8mg/m3,  11mg/m3,2023-05-23 23:59:25
   9mg/m3,  11mg/m3,2023-05-23 23:59:56
   9mg/m3,  10mg/m3,2023-05-24 00:00:27
   8mg/m3,  11mg/m3,2023-05-24 00:00:58
   8mg/m3,   9mg/m3,2023-05-24 00:01:29
   8mg/m3,  11mg/m3,2023-05-24 00:02:00
  17mg/m3,  19mg/m3,2023-05-24 00:02:31
  30mg/m3,  39mg/m3,2023-05-24 00:03:02
  26mg/m3,  30mg/m3,2023-05-24 00:03:33
  18mg/m3,  22mg/m3,2023-05-24 00:04:04
  17mg/m3,  18mg/m3,2023-05-24 00:04:35
  15mg/m3,  16mg/m3,2023-05-24 00:05:06
  13mg/m3,  14mg/m3,2023-05-24 00:05:37
   8mg/m3,  10mg/m3,2023-05-24 00:06:08
  10mg/m3,  11mg/m3,2023-05-24 00:06:39
  11mg/m3,  12mg/m3,2023-05-24 00:07:10
   8mg/m3,  10mg/m3,2023-05-24 00:07:41
   8mg/m3,   9mg/m3,2023-05-24 00:08:12
   9mg/m3,  10mg/m3,2023-05-24 00:08:43
   8mg/m3,   9mg/m3,2023-05-24 00:09:14
   7mg/m3,  10mg/m3,2023-05-24 00:09:45
   7mg/m3,   8mg/m3,2023-05-24 00:10:16
  10mg/m3,  11mg/m3,2023-05-24 00:10:47
   8mg/m3,   9mg/m3,2023-05-24 00:11:18
   6mg/m3,   7mg/m3,2023-05-24 00:11:49
   5mg/m3,   7mg/m3,2023-05-24 00:12:20
   7mg/m3,   8mg/m3,2023-05-24 00:12:51
  10mg/m3,  11mg/m3,2023-05-24 00:13:22
   9mg/m3,  10mg/m3,2023-05-24 00:13:53
   9mg/m3,  10mg/m3,2023-05-24 00:14:24
   9mg/m3,  10mg/m3,2023-05-24 00:14:55
   7mg/m3,  10mg/m3,2023-05-24 00:15:26
  10mg/m3,  11mg/m3,2023-05-24 00:15:57
   7mg/m3,   9mg/m3,2023-05-24 00:16:28
  10mg/m3,  11mg/m3,2023-05-24 00:16:59
   6mg/m3,   7mg/m3,2023-05-24 00:17:30
   8mg/m3,   9mg/m3,2023-05-24 00:18:01
  10mg/m3,  15mg/m3,2023-05-24 00:18:32
   7mg/m3,   8mg/m3,2023-05-24 00:19:03
   5mg/m3,   6mg/m3,2023-05-24 00:19:34
   7mg/m3,   9mg/m3,2023-05-24 00:20:05
   9mg/m3,  11mg/m3,2023-05-24 00:20:36
   6mg/m3,   7mg/m3,2023-05-24 00:21:07
   5mg/m3,   7mg/m3,2023-05-24 00:21:38
   5mg/m3,   6mg/m3,2023-05-24 00:22:09
   7mg/m3,   8mg/m3,2023-05-24 00:22:40
   8mg/m3,  10mg/m3,2023-05-24 00:23:11
   7mg/m3,   8mg/m3,2023-05-24 00:23:42
   7mg/m3,   8mg/m3,2023-05-24 00:24:13
   7mg/m3,   8mg/m3,2023-05-24 00:24:44
   6mg/m3,   9mg/m3,2023-05-24 00:25:15
  10mg/m3,  11mg/m3,2023-05-24 00:25:46
   5mg/m3,   6mg/m3,2023-05-24 00:26:17
   7mg/m3,   8mg/m3,2023-05-24 00:26:48
   8mg/m3,   9mg/m3,2023-05-24 00:27:19
   6mg/m3,   7mg/m3,2023-05-24 00:27:50
   7mg/m3,   8mg/m3,2023-05-24 00:28:21
   8mg/m3,  10mg/m3,2023-05-24 00:28:52
   6mg/m3,   8mg/m3,2023-05-24 00:29:23
   6mg/m3,   8mg/m3,2023-05-24 00:29:54
   8mg/m3,   9mg/m3,2023-05-24 00:30:25
   7mg/m3,   9mg/m3,2023-05-24 00:30:56
   8mg/m3,   9mg/m3,2023-05-24 00:31:27
   6mg/m3,   7mg/m3,2023-05-24 00:31:58
   7mg/m3,   8mg/m3,2023-05-24 00:32:29
  10mg/m3,  11mg/m3,2023-05-24 00:33:00
   6mg/m3,   8mg/m3,2023-05-24 00:33:31
   7mg/m3,   8mg/m3,2023-05-24 00:34:02
   8mg/m3,  11mg/m3,2023-05-24 00:34:33
   7mg/m3,   9mg/m3,2023-05-24 00:35:04
   6mg/m3,   7mg/m3,2023-05-24 00:35:35
   5mg/m3,   7mg/m3,2023-05-24 00:36:06
   5mg/m3,   8mg/m3,2023-05-24 00:36:37
  12mg/m3,  13mg/m3,2023-05-24 00:37:08
   8mg/m3,   9mg/m3,2023-05-24 00:37:39
   5mg/m3,   6mg/m3,2023-05-24 00:38:10
   8mg/m3,   9mg/m3,2023-05-24 00:38:41
   8mg/m3,   9mg/m3,2023-05-24 00:39:12
   8mg/m3,  10mg/m3,2023-05-24 00:39:43
   8mg/m3,   9mg/m3,2023-05-24 00:40:14
   7mg/m3,   8mg/m3,2023-05-24 00:40:45
   7mg/m3,   8mg/m3,2023-05-24 00:41:16
   6mg/m3,   7mg/m3,2023-05-24 00:41:47
   5mg/m3,   6mg/m3,2023-05-24 00:42:18
   7mg/m3,   8mg/m3,2023-05-24 00:42:49
   6mg/m3,   7mg/m3,2023-05-24 00:43:20
   9mg/m3,  10mg/m3,2023-05-24 00:43:51
   7mg/m3,   9mg/m3,2023-05-24 00:44:22
  10mg/m3,  11mg/m3,2023-05-24 00:44:53
   6mg/m3,   7mg/m3,2023-05-24 00:45:24
   5mg/m3,   9mg/m3,2023-05-24 00:45:55
   7mg/m3,  10mg/m3,2023-05-24 00:46:26
   9mg/m3,  10mg/m3,2023-05-24 00:46:57
   5mg/m3,   6mg/m3,2023-05-24 00:47:28
   7mg/m3,  10mg/m3,2023-05-24 00:47:59
   5mg/m3,   6mg/m3,2023-05-24 00:48:30
   6mg/m3,   8mg/m3,2023-05-24 00:49:01
   8mg/m3,  11mg/m3,2023-05-24 00:49:32
   7mg/m3,  10mg/m3,2023-05-24 00:50:03
   6mg/m3,   9mg/m3,2023-05-24 00:50:34
   6mg/m3,   8mg/m3,2023-05-24 00:51:05
   6mg/m3,   7mg/m3,2023-05-24 00:51:36
   7mg/m3,   8mg/m3,2023-05-24 00:52:07
   8mg/m3,  11mg/m3,2023-05-24 00:52:38
   4mg/m3,   7mg/m3,2023-05-24 00:53:09
  10mg/m3,  14mg/m3,2023-05-24 00:53:40
   9mg/m3,  11mg/m3,2023-05-24 00:54:11
   8mg/m3,   9mg/m3,2023-05-24 00:54:42
   6mg/m3,   7mg/m3,2023-05-24 00:55:13
   9mg/m3,  11mg/m3,2023-05-24 00:55:44
   9mg/m3,  10mg/m3,2023-05-24 00:56:15
   9mg/m3,  12mg/m3,2023-05-24 00:56:46
   7mg/m3,   9mg/m3,2023-05-24 00:57:17
   6mg/m3,   8mg/m3,2023-05-24 00:57:48
   8mg/m3,   9mg/m3,2023-05-24 00:58:19
   9mg/m3,  10mg/m3,2023-05-24 00:58:50
   7mg/m3,   8mg/m3,2023-05-24 00:59:21
   6mg/m3,   7mg/m3,2023-05-24 00:59:52
   7mg/m3,   8mg/m3,2023-05-24 01:00:23
   6mg/m3,   8mg/m3,2023-05-24 01:00:54
   6mg/m3,  10mg/m3,2023-05-24 01:01:25
  10mg/m3,  11mg/m3,2023-05-24 01:01:56
   8mg/m3,   9mg/m3,2023-05-24 01:02:27
   8mg/m3,   9mg/m3,2023-05-24 01:02:58
   8mg/m3,   9mg/m3,2023-05-24 01:03:29
   9mg/m3,  11mg/m3,2023-05-24 01:04:00
   7mg/m3,   8mg/m3,2023-05-24 01:04:31
   8mg/m3,   9mg/m3,2023-05-24 01:05:02
   7mg/m3,   8mg/m3,2023-05-24 01:05:33
   8mg/m3,   9mg/m3,2023-05-24 01:06:04
  10mg/m3,  11mg/m3,2023-05-24 01:06:35
   8mg/m3,  11mg/m3,2023-05-24 01:07:06
   5mg/m3,   6mg/m3,2023-05-24 01:07:37
   6mg/m3,   7mg/m3,2023-05-24 01:08:08
   8mg/m3,   9mg/m3,2023-05-24 01:08:39
   8mg/m3,   9mg/m3,2023-05-24 01:09:10
   8mg/m3,   9mg/m3,2023-05-24 01:09:41
   8mg/m3,   9mg/m3,2023-05-24 01:10:12
   9mg/m3,  10mg/m3,2023-05-24 01:10:43
  10mg/m3,  11mg/m3,2023-05-24 01:11:14
   8mg/m3,   9mg/m3,2023-05-24 01:11:45
   8mg/m3,   9mg/m3,2023-05-24 01:12:16
   8mg/m3,   9mg/m3,2023-05-24 01:12:47
   9mg/m3,  11mg/m3,2023-05-24 01:13:18
   7mg/m3,   9mg/m3,2023-05-24 01:13:49
   6mg/m3,   7mg/m3,2023-05-24 01:14:20
   9mg/m3,  11mg/m3,2023-05-24 01:14:51
  11mg/m3,  12mg/m3,2023-05-24 01:15:22
   7mg/m3,   8mg/m3,2023-05-24 01:15:53
   6mg/m3,   7mg/m3,2023-05-24 01:16:24
   6mg/m3,  11mg/m3,2023-05-24 01:16:55
   7mg/m3,   8mg/m3,2023-05-24 01:17:26
   7mg/m3,   8mg/m3,2023-05-24 01:17:57
   7mg/m3,   9mg/m3,2023-05-24 01:18:28
   8mg/m3,   9mg/m3,2023-05-24 01:18:59
   6mg/m3,   7mg/m3,2023-05-24 01:19:30
  11mg/m3,  12mg/m3,2023-05-24 01:20:01
   8mg/m3,   9mg/m3,2023-05-24 01:20:32
   7mg/m3,   9mg/m3,2023-05-24 01:21:03
   8mg/m3,   9mg/m3,2023-05-24 01:21:34
   6mg/m3,  10mg/m3,2023-05-24 01:22:06
   6mg/m3,   8mg/m3,2023-05-24 01:22:37
   9mg/m3,  12mg/m3,2023-05-24 01:23:08
   6mg/m3,   8mg/m3,2023-05-24 01:23:39
   8mg/m3,  12mg/m3,2023-05-24 01:24:10
  11mg/m3,  12mg/m3,2023-05-24 01:24:41
   8mg/m3,  10mg/m3,2023-05-24 01:25:12
  10mg/m3,  12mg/m3,2023-05-24 01:25:43
   8mg/m3,   9mg/m3,2023-05-24 01:26:14
   9mg/m3,  10mg/m3,2023-05-24 01:26:45
   7mg/m3,   8mg/m3,2023-05-24 01:27:16
   7mg/m3,   8mg/m3,2023-05-24 01:27:47
   6mg/m3,   7mg/m3,2023-05-24 01:28:18
   7mg/m3,   8mg/m3,2023-05-24 01:28:49
   8mg/m3,  11mg/m3,2023-05-24 01:29:20
   9mg/m3,  11mg/m3,2023-05-24 01:29:51
   9mg/m3,  10mg/m3,2023-05-24 01:30:22
   9mg/m3,  11mg/m3,2023-05-24 01:30:53
   6mg/m3,   7mg/m3,2023-05-24 01:31:24
   7mg/m3,   8mg/m3,2023-05-24 01:31:55
   7mg/m3,   8mg/m3,2023-05-24 01:32:26
   8mg/m3,  11mg/m3,2023-05-24 01:32:57
   7mg/m3,  10mg/m3,2023-05-24 01:33:28
   7mg/m3,   8mg/m3,2023-05-24 01:33:59
   9mg/m3,  11mg/m3,2023-05-24 01:34:30
   7mg/m3,   8mg/m3,2023-05-24 01:35:01
   7mg/m3,   9mg/m3,2023-05-24 01:35:32
   6mg/m3,   7mg/m3,2023-05-24 01:36:03
   8mg/m3,   9mg/m3,2023-05-24 01:36:34
   7mg/m3,   8mg/m3,2023-05-24 01:37:05
   7mg/m3,   8mg/m3,2023-05-24 01:37:36
   7mg/m3,   8mg/m3,2023-05-24 01:38:07
   7mg/m3,   9mg/m3,2023-05-24 01:38:38
   8mg/m3,  11mg/m3,2023-05-24 01:39:09
   7mg/m3,  10mg/m3,2023-05-24 01:39:40
   8mg/m3,   9mg/m3,2023-05-24 01:40:11
   8mg/m3,   9mg/m3,2023-05-24 01:40:42
   7mg/m3,   9mg/m3,2023-05-24 01:41:13
   8mg/m3,   9mg/m3,2023-05-24 01:41:44
   7mg/m3,   9mg/m3,2023-05-24 01:42:15
   6mg/m3,   9mg/m3,2023-05-24 01:42:46
   7mg/m3,   8mg/m3,2023-05-24 01:43:17
   7mg/m3,   8mg/m3,2023-05-24 01:43:48
   7mg/m3,   8mg/m3,2023-05-24 01:44:19
   6mg/m3,   8mg/m3,2023-05-24 01:44:50
   7mg/m3,   8mg/m3,2023-05-24 01:45:21
   8mg/m3,  10mg/m3,2023-05-24 01:45:52
   8mg/m3,   9mg/m3,2023-05-24 01:46:23
   7mg/m3,   9mg/m3,2023-05-24 01:46:54
   7mg/m3,   8mg/m3,2023-05-24 01:47:25
   9mg/m3,  10mg/m3,2023-05-24 01:47:56
  10mg/m3,  11mg/m3,2023-05-24 01:48:27
  10mg/m3,  11mg/m3,2023-05-24 01:48:58
   7mg/m3,   8mg/m3,2023-05-24 01:49:29
   9mg/m3,  10mg/m3,2023-05-24 01:50:00
   7mg/m3,  10mg/m3,2023-05-24 01:50:31
   7mg/m3,  10mg/m3,2023-05-24 01:51:02
   9mg/m3,  10mg/m3,2023-05-24 01:51:33
   7mg/m3,   8mg/m3,2023-05-24 01:52:04
   8mg/m3,   9mg/m3,2023-05-24 01:52:35
   7mg/m3,   8mg/m3,2023-05-24 01:53:06
   8mg/m3,   9mg/m3,2023-05-24 01:53:37
   9mg/m3,  10mg/m3,2023-05-24 01:54:08
   7mg/m3,   8mg/m3,2023-05-24 01:54:39
   6mg/m3,  11mg/m3,2023-05-24 01:55:10
   6mg/m3,   7mg/m3,2023-05-24 01:55:41
   7mg/m3,   8mg/m3,2023-05-24 01:56:12
   9mg/m3,  10mg/m3,2023-05-24 01:56:43
   9mg/m3,  10mg/m3,2023-05-24 01:57:14
   8mg/m3,   9mg/m3,2023-05-24 01:57:45
   9mg/m3,  10mg/m3,2023-05-24 01:58:16
   7mg/m3,   9mg/m3,2023-05-24 01:58:47
   7mg/m3,   8mg/m3,2023-05-24 01:59:18
  10mg/m3,  11mg/m3,2023-05-24 01:59:49
  10mg/m3,  11mg/m3,2023-05-24 02:00:20
   5mg/m3,   7mg/m3,2023-05-24 02:00:51
  10mg/m3,  11mg/m3,2023-05-24 02:01:22
  10mg/m3,  11mg/m3,2023-05-24 02:01:53
  12mg/m3,  14mg/m3,2023-05-24 02:02:24
   8mg/m3,   9mg/m3,2023-05-24 02:02:55
   9mg/m3,  10mg/m3,2023-05-24 02:03:26
  11mg/m3,  12mg/m3,2023-05-24 02:03:57
   7mg/m3,   8mg/m3,2023-05-24 02:04:28
   8mg/m3,   9mg/m3,2023-05-24 02:04:59
   8mg/m3,   9mg/m3,2023-05-24 02:05:30
   8mg/m3,   9mg/m3,2023-05-24 02:06:01
  12mg/m3,  13mg/m3,2023-05-24 02:06:32
   7mg/m3,   9mg/m3,2023-05-24 02:07:03
  11mg/m3,  13mg/m3,2023-05-24 02:07:34
   7mg/m3,   9mg/m3,2023-05-24 02:08:05
   9mg/m3,  12mg/m3,2023-05-24 02:08:36
   6mg/m3,   9mg/m3,2023-05-24 02:09:07
   9mg/m3,  10mg/m3,2023-05-24 02:09:38
  11mg/m3,  12mg/m3,2023-05-24 02:10:09
   7mg/m3,   9mg/m3,2023-05-24 02:10:40
   6mg/m3,   7mg/m3,2023-05-24 02:11:11
   7mg/m3,  10mg/m3,2023-05-24 02:11:42
   8mg/m3,   9mg/m3,2023-05-24 02:12:13
   9mg/m3,  10mg/m3,2023-05-24 02:12:44
   8mg/m3,   9mg/m3,2023-05-24 02:13:15
   7mg/m3,   9mg/m3,2023-05-24 02:13:46
   7mg/m3,   8mg/m3,2023-05-24 02:14:17
  10mg/m3,  11mg/m3,2023-05-24 02:14:48
   8mg/m3,  12mg/m3,2023-05-24 02:15:19
   8mg/m3,   9mg/m3,2023-05-24 02:15:50
   9mg/m3,  10mg/m3,2023-05-24 02:16:21
   7mg/m3,   8mg/m3,2023-05-24 02:16:52
   7mg/m3,   8mg/m3,2023-05-24 02:17:23
   9mg/m3,  10mg/m3,2023-05-24 02:17:54
   6mg/m3,   8mg/m3,2023-05-24 02:18:25
  10mg/m3,  11mg/m3,2023-05-24 02:18:56
   7mg/m3,   8mg/m3,2023-05-24 02:19:27
   7mg/m3,   8mg/m3,2023-05-24 02:19:58
   7mg/m3,   9mg/m3,2023-05-24 02:20:29
   8mg/m3,   9mg/m3,2023-05-24 02:21:00
   9mg/m3,  13mg/m3,2023-05-24 02:21:31
  10mg/m3,  11mg/m3,2023-05-24 02:22:02
   7mg/m3,   9mg/m3,2023-05-24 02:22:33
   8mg/m3,   9mg/m3,2023-05-24 02:23:04
   7mg/m3,   8mg/m3,2023-05-24 02:23:35
   7mg/m3,  10mg/m3,2023-05-24 02:24:06
   6mg/m3,   8mg/m3,2023-05-24 02:24:37
   8mg/m3,   9mg/m3,2023-05-24 02:25:08
   8mg/m3,   9mg/m3,2023-05-24 02:25:39
   8mg/m3,   9mg/m3,2023-05-24 02:26:10
  10mg/m3,  11mg/m3,2023-05-24 02:26:41
   7mg/m3,   8mg/m3,2023-05-24 02:27:12
   8mg/m3,  11mg/m3,2023-05-24 02:27:43
   9mg/m3,  10mg/m3,2023-05-24 02:28:14
   9mg/m3,  11mg/m3,2023-05-24 02:28:45
   8mg/m3,  10mg/m3,2023-05-24 02:29:16
   6mg/m3,   7mg/m3,2023-05-24 02:29:47
   7mg/m3,   8mg/m3,2023-05-24 02:30:18
   8mg/m3,   9mg/m3,2023-05-24 02:30:49
   8mg/m3,   9mg/m3,2023-05-24 02:31:20
   6mg/m3,   7mg/m3,2023-05-24 02:31:51
   8mg/m3,   9mg/m3,2023-05-24 02:32:22
   9mg/m3,  10mg/m3,2023-05-24 02:32:53
   7mg/m3,   8mg/m3,2023-05-24 02:33:24
   6mg/m3,   8mg/m3,2023-05-24 02:33:55
   6mg/m3,   7mg/m3,2023-05-24 02:34:26
   7mg/m3,   8mg/m3,2023-05-24 02:34:57
   6mg/m3,   8mg/m3,2023-05-24 02:35:28
   6mg/m3,   7mg/m3,2023-05-24 02:35:59
   7mg/m3,  11mg/m3,2023-05-24 02:36:30
   6mg/m3,   7mg/m3,2023-05-24 02:37:01
   8mg/m3,   9mg/m3,2023-05-24 02:37:32
   7mg/m3,   8mg/m3,2023-05-24 02:38:03
   8mg/m3,   9mg/m3,2023-05-24 02:38:34
   9mg/m3,  11mg/m3,2023-05-24 02:39:05
   7mg/m3,  11mg/m3,2023-05-24 02:39:36
   6mg/m3,   8mg/m3,2023-05-24 02:40:07
   9mg/m3,  10mg/m3,2023-05-24 02:40:38
   7mg/m3,   8mg/m3,2023-05-24 02:41:09
  10mg/m3,  11mg/m3,2023-05-24 02:41:40
   8mg/m3,   9mg/m3,2023-05-24 02:42:11
  10mg/m3,  12mg/m3,2023-05-24 02:42:42
   8mg/m3,  13mg/m3,2023-05-24 02:43:13
   8mg/m3,  10mg/m3,2023-05-24 02:43:44
   8mg/m3,   9mg/m3,2023-05-24 02:44:15
   8mg/m3,  10mg/m3,2023-05-24 02:44:46
   7mg/m3,   8mg/m3,2023-05-24 02:45:17
   7mg/m3,   8mg/m3,2023-05-24 02:45:48
   6mg/m3,   7mg/m3,2023-05-24 02:46:19
   9mg/m3,  10mg/m3,2023-05-24 02:46:50
   7mg/m3,   8mg/m3,2023-05-24 02:47:21
   7mg/m3,   8mg/m3,2023-05-24 02:47:52
   7mg/m3,   8mg/m3,2023-05-24 02:48:23
   7mg/m3,   9mg/m3,2023-05-24 02:48:54
   5mg/m3,   7mg/m3,2023-05-24 02:49:25
   8mg/m3,   9mg/m3,2023-05-24 02:49:56
   8mg/m3,  10mg/m3,2023-05-24 02:50:27
   7mg/m3,   9mg/m3,2023-05-24 02:50:58
   5mg/m3,   7mg/m3,2023-05-24 02:51:29
  12mg/m3,  15mg/m3,2023-05-24 02:52:00
   9mg/m3,  10mg/m3,2023-05-24 02:52:31
  10mg/m3,  12mg/m3,2023-05-24 02:53:02
   8mg/m3,   9mg/m3,2023-05-24 02:53:33
   8mg/m3,   9mg/m3,2023-05-24 02:54:04
   7mg/m3,   8mg/m3,2023-05-24 02:54:35
   9mg/m3,  10mg/m3,2023-05-24 02:55:06
   7mg/m3,   8mg/m3,2023-05-24 02:55:37
   9mg/m3,  11mg/m3,2023-05-24 02:56:08
   9mg/m3,  10mg/m3,2023-05-24 02:56:39
   6mg/m3,   7mg/m3,2023-05-24 02:57:10
   9mg/m3,  10mg/m3,2023-05-24 02:57:41
   8mg/m3,  11mg/m3,2023-05-24 02:58:12
   6mg/m3,   7mg/m3,2023-05-24 02:58:43
   7mg/m3,   8mg/m3,2023-05-24 02:59:14
   7mg/m3,   9mg/m3,2023-05-24 02:59:45
   5mg/m3,   6mg/m3,2023-05-24 03:00:16
   7mg/m3,   8mg/m3,2023-05-24 03:00:47
   7mg/m3,  10mg/m3,2023-05-24 03:01:18
   6mg/m3,   7mg/m3,2023-05-24 03:01:49
   5mg/m3,   7mg/m3,2023-05-24 03:02:20
   7mg/m3,   8mg/m3,2023-05-24 03:02:51
   9mg/m3,  10mg/m3,2023-05-24 03:03:22
   7mg/m3,   8mg/m3,2023-05-24 03:03:53
   7mg/m3,   8mg/m3,2023-05-24 03:04:24
   6mg/m3,   7mg/m3,2023-05-24 03:04:55
   7mg/m3,   8mg/m3,2023-05-24 03:05:26
   8mg/m3,   9mg/m3,2023-05-24 03:05:57
   7mg/m3,   9mg/m3,2023-05-24 03:06:28
   9mg/m3,  10mg/m3,2023-05-24 03:06:59
   7mg/m3,   8mg/m3,2023-05-24 03:07:30
   7mg/m3,   8mg/m3,2023-05-24 03:08:01
   7mg/m3,   8mg/m3,2023-05-24 03:08:32
   9mg/m3,  11mg/m3,2023-05-24 03:09:03
   8mg/m3,  10mg/m3,2023-05-24 03:09:34
   7mg/m3,   8mg/m3,2023-05-24 03:10:05
   7mg/m3,   8mg/m3,2023-05-24 03:10:36
   7mg/m3,   8mg/m3,2023-05-24 03:11:07
   9mg/m3,  10mg/m3,2023-05-24 03:11:38
   8mg/m3,   9mg/m3,2023-05-24 03:12:09
  10mg/m3,  11mg/m3,2023-05-24 03:12:40
   9mg/m3,  10mg/m3,2023-05-24 03:13:11
  12mg/m3,  13mg/m3,2023-05-24 03:13:42
   8mg/m3,   9mg/m3,2023-05-24 03:14:13
  10mg/m3,  12mg/m3,2023-05-24 03:14:44
   9mg/m3,  11mg/m3,2023-05-24 03:15:15
   8mg/m3,  11mg/m3,2023-05-24 03:15:46
   8mg/m3,  11mg/m3,2023-05-24 03:16:17
   6mg/m3,   8mg/m3,2023-05-24 03:16:48
  11mg/m3,  12mg/m3,2023-05-24 03:17:19
   7mg/m3,   8mg/m3,2023-05-24 03:17:50
   9mg/m3,  10mg/m3,2023-05-24 03:18:21
   8mg/m3,   9mg/m3,2023-05-24 03:18:52
   9mg/m3,  10mg/m3,2023-05-24 03:19:23
   9mg/m3,  10mg/m3,2023-05-24 03:19:54
  14mg/m3,  15mg/m3,2023-05-24 03:20:25
  16mg/m3,  17mg/m3,2023-05-24 03:20:56
  10mg/m3,  11mg/m3,2023-05-24 03:21:27
  11mg/m3,  12mg/m3,2023-05-24 03:21:58
  11mg/m3,  12mg/m3,2023-05-24 03:22:29
  14mg/m3,  15mg/m3,2023-05-24 03:23:00
  11mg/m3,  12mg/m3,2023-05-24 03:23:31
   9mg/m3,  11mg/m3,2023-05-24 03:24:02
  10mg/m3,  11mg/m3,2023-05-24 03:24:33
  10mg/m3,  11mg/m3,2023-05-24 03:25:04
  10mg/m3,  14mg/m3,2023-05-24 03:25:35
   9mg/m3,  11mg/m3,2023-05-24 03:26:06
  10mg/m3,  12mg/m3,2023-05-24 03:26:37
  11mg/m3,  12mg/m3,2023-05-24 03:27:08
   8mg/m3,  10mg/m3,2023-05-24 03:27:39
  10mg/m3,  11mg/m3,2023-05-24 03:28:10
   8mg/m3,   9mg/m3,2023-05-24 03:28:41
  10mg/m3,  11mg/m3,2023-05-24 03:29:12
   9mg/m3,  10mg/m3,2023-05-24 03:29:43
   8mg/m3,   9mg/m3,2023-05-24 03:30:14
   9mg/m3,  11mg/m3,2023-05-24 03:30:45
   9mg/m3,  11mg/m3,2023-05-24 03:31:16
  12mg/m3,  13mg/m3,2023-05-24 03:31:47
   7mg/m3,   9mg/m3,2023-05-24 03:32:18
  15mg/m3,  16mg/m3,2023-05-24 03:32:49
  11mg/m3,  12mg/m3,2023-05-24 03:33:20
   7mg/m3,   8mg/m3,2023-05-24 03:33:51
  12mg/m3,  13mg/m3,2023-05-24 03:34:22
  18mg/m3,  19mg/m3,2023-05-24 03:34:53
  19mg/m3,  20mg/m3,2023-05-24 03:35:24
  14mg/m3,  17mg/m3,2023-05-24 03:35:55
  18mg/m3,  21mg/m3,2023-05-24 03:36:26
  14mg/m3,  15mg/m3,2023-05-24 03:36:57
  15mg/m3,  18mg/m3,2023-05-24 03:37:28
  14mg/m3,  15mg/m3,2023-05-24 03:37:59
  10mg/m3,  11mg/m3,2023-05-24 03:38:30
  10mg/m3,  12mg/m3,2023-05-24 03:39:01
  15mg/m3,  17mg/m3,2023-05-24 03:39:32
  14mg/m3,  15mg/m3,2023-05-24 03:40:03
  13mg/m3,  16mg/m3,2023-05-24 03:40:34
  13mg/m3,  14mg/m3,2023-05-24 03:41:05
  14mg/m3,  16mg/m3,2023-05-24 03:41:36
  12mg/m3,  13mg/m3,2023-05-24 03:42:07
  13mg/m3,  15mg/m3,2023-05-24 03:42:38
  15mg/m3,  20mg/m3,2023-05-24 03:43:09
  14mg/m3,  16mg/m3,2023-05-24 03:43:40
  17mg/m3,  19mg/m3,2023-05-24 03:44:11
  14mg/m3,  15mg/m3,2023-05-24 03:44:42
  13mg/m3,  14mg/m3,2023-05-24 03:45:13
  20mg/m3,  23mg/m3,2023-05-24 03:45:44
  14mg/m3,  19mg/m3,2023-05-24 03:46:15
  22mg/m3,  23mg/m3,2023-05-24 03:46:46
  16mg/m3,  18mg/m3,2023-05-24 03:47:17
  25mg/m3,  31mg/m3,2023-05-24 03:47:48
  27mg/m3,  28mg/m3,2023-05-24 03:48:19
  32mg/m3,  41mg/m3,2023-05-24 03:48:50
  33mg/m3,  39mg/m3,2023-05-24 03:49:21
  22mg/m3,  23mg/m3,2023-05-24 03:49:53
  24mg/m3,  35mg/m3,2023-05-24 03:50:24
  22mg/m3,  26mg/m3,2023-05-24 03:50:55
  26mg/m3,  28mg/m3,2023-05-24 03:51:26
  29mg/m3,  31mg/m3,2023-05-24 03:51:57
  31mg/m3,  36mg/m3,2023-05-24 03:52:28
  28mg/m3,  31mg/m3,2023-05-24 03:52:59
  26mg/m3,  28mg/m3,2023-05-24 03:53:30
  36mg/m3,  44mg/m3,2023-05-24 03:54:01
  35mg/m3,  42mg/m3,2023-05-24 03:54:32
  33mg/m3,  39mg/m3,2023-05-24 03:55:03
  30mg/m3,  37mg/m3,2023-05-24 03:55:34
  33mg/m3,  38mg/m3,2023-05-24 03:56:05
  32mg/m3,  39mg/m3,2023-05-24 03:56:36
  28mg/m3,  37mg/m3,2023-05-24 03:57:07
  32mg/m3,  38mg/m3,2023-05-24 03:57:38
  38mg/m3,  47mg/m3,2023-05-24 03:58:09
  36mg/m3,  43mg/m3,2023-05-24 03:58:40
  34mg/m3,  44mg/m3,2023-05-24 03:59:11
  32mg/m3,  35mg/m3,2023-05-24 03:59:42
  31mg/m3,  36mg/m3,2023-05-24 04:00:13
  24mg/m3,  27mg/m3,2023-05-24 04:00:44
  28mg/m3,  33mg/m3,2023-05-24 04:01:15
  28mg/m3,  32mg/m3,2023-05-24 04:01:46
  28mg/m3,  36mg/m3,2023-05-24 04:02:17
  26mg/m3,  30mg/m3,2023-05-24 04:02:48
  29mg/m3,  32mg/m3,2023-05-24 04:03:19
  22mg/m3,  25mg/m3,2023-05-24 04:03:50
  23mg/m3,  26mg/m3,2023-05-24 04:04:21
  24mg/m3,  26mg/m3,2023-05-24 04:04:52
  28mg/m3,  30mg/m3,2023-05-24 04:05:23
  30mg/m3,  33mg/m3,2023-05-24 04:05:54
  24mg/m3,  26mg/m3,2023-05-24 04:06:25
  22mg/m3,  25mg/m3,2023-05-24 04:06:56
  29mg/m3,  33mg/m3,2023-05-24 04:07:27
  28mg/m3,  31mg/m3,2023-05-24 04:07:58
  28mg/m3,  33mg/m3,2023-05-24 04:08:29
  29mg/m3,  34mg/m3,2023-05-24 04:09:00
  35mg/m3,  49mg/m3,2023-05-24 04:09:31
  43mg/m3,  52mg/m3,2023-05-24 04:10:02
  37mg/m3,  48mg/m3,2023-05-24 04:10:33
  35mg/m3,  44mg/m3,2023-05-24 04:11:04
  32mg/m3,  42mg/m3,2023-05-24 04:11:35
  25mg/m3,  28mg/m3,2023-05-24 04:12:06
  27mg/m3,  30mg/m3,2023-05-24 04:12:37
  29mg/m3,  33mg/m3,2023-05-24 04:13:08
  31mg/m3,  39mg/m3,2023-05-24 04:13:39
  40mg/m3,  50mg/m3,2023-05-24 04:14:10
  48mg/m3,  61mg/m3,2023-05-24 04:14:41
  47mg/m3,  60mg/m3,2023-05-24 04:15:12
  40mg/m3,  53mg/m3,2023-05-24 04:15:43
  40mg/m3,  51mg/m3,2023-05-24 04:16:14
  39mg/m3,  51mg/m3,2023-05-24 04:16:45
  36mg/m3,  48mg/m3,2023-05-24 04:17:16
  39mg/m3,  47mg/m3,2023-05-24 04:17:47
  38mg/m3,  51mg/m3,2023-05-24 04:18:18
  37mg/m3,  46mg/m3,2023-05-24 04:18:49
  39mg/m3,  50mg/m3,2023-05-24 04:19:20
  35mg/m3,  44mg/m3,2023-05-24 04:19:51
  36mg/m3,  47mg/m3,2023-05-24 04:20:22
  35mg/m3,  40mg/m3,2023-05-24 04:20:53
  34mg/m3,  41mg/m3,2023-05-24 04:21:24
  34mg/m3,  39mg/m3,2023-05-24 04:21:55
  31mg/m3,  39mg/m3,2023-05-24 04:22:26
  31mg/m3,  38mg/m3,2023-05-24 04:22:57
  30mg/m3,  32mg/m3,2023-05-24 04:23:28
  30mg/m3,  31mg/m3,2023-05-24 04:23:59
  31mg/m3,  37mg/m3,2023-05-24 04:24:30
  29mg/m3,  41mg/m3,2023-05-24 04:25:01
  26mg/m3,  32mg/m3,2023-05-24 04:25:32
  31mg/m3,  35mg/m3,2023-05-24 04:26:03
  29mg/m3,  36mg/m3,2023-05-24 04:26:34
  31mg/m3,  40mg/m3,2023-05-24 04:27:05
  33mg/m3,  40mg/m3,2023-05-24 04:27:36
  32mg/m3,  38mg/m3,2023-05-24 04:28:07
  29mg/m3,  30mg/m3,2023-05-24 04:28:38
  33mg/m3,  37mg/m3,2023-05-24 04:29:09
  29mg/m3,  30mg/m3,2023-05-24 04:29:40
  32mg/m3,  37mg/m3,2023-05-24 04:30:11
  32mg/m3,  40mg/m3,2023-05-24 04:30:42
  32mg/m3,  37mg/m3,2023-05-24 04:31:13
  32mg/m3,  41mg/m3,2023-05-24 04:31:44
  29mg/m3,  34mg/m3,2023-05-24 04:32:15
  32mg/m3,  34mg/m3,2023-05-24 04:32:46
  32mg/m3,  37mg/m3,2023-05-24 04:33:17
  29mg/m3,  31mg/m3,2023-05-24 04:33:48
  30mg/m3,  38mg/m3,2023-05-24 04:34:19
  29mg/m3,  34mg/m3,2023-05-24 04:34:50
  33mg/m3,  40mg/m3,2023-05-24 04:35:21
  32mg/m3,  40mg/m3,2023-05-24 04:35:52
  35mg/m3,  42mg/m3,2023-05-24 04:36:23
  34mg/m3,  41mg/m3,2023-05-24 04:36:54
  35mg/m3,  44mg/m3,2023-05-24 04:37:25
  37mg/m3,  46mg/m3,2023-05-24 04:37:56
  33mg/m3,  40mg/m3,2023-05-24 04:38:27
  36mg/m3,  47mg/m3,2023-05-24 04:38:58
  34mg/m3,  45mg/m3,2023-05-24 04:39:29
  38mg/m3,  46mg/m3,2023-05-24 04:40:00
  35mg/m3,  44mg/m3,2023-05-24 04:40:31
  37mg/m3,  47mg/m3,2023-05-24 04:41:02
  36mg/m3,  47mg/m3,2023-05-24 04:41:33
  38mg/m3,  46mg/m3,2023-05-24 04:42:04
  36mg/m3,  46mg/m3,2023-05-24 04:42:35
  35mg/m3,  40mg/m3,2023-05-24 04:43:06
  35mg/m3,  46mg/m3,2023-05-24 04:43:37
  37mg/m3,  48mg/m3,2023-05-24 04:44:08
  36mg/m3,  44mg/m3,2023-05-24 04:44:39
  33mg/m3,  42mg/m3,2023-05-24 04:45:10
  37mg/m3,  48mg/m3,2023-05-24 04:45:41
  36mg/m3,  47mg/m3,2023-05-24 04:46:12
  34mg/m3,  44mg/m3,2023-05-24 04:46:43
  33mg/m3,  41mg/m3,2023-05-24 04:47:14
  33mg/m3,  40mg/m3,2023-05-24 04:47:45
  31mg/m3,  36mg/m3,2023-05-24 04:48:16
  30mg/m3,  32mg/m3,2023-05-24 04:48:47
  34mg/m3,  44mg/m3,2023-05-24 04:49:18
  36mg/m3,  45mg/m3,2023-05-24 04:49:49
  35mg/m3,  42mg/m3,2023-05-24 04:50:20
  31mg/m3,  34mg/m3,2023-05-24 04:50:51
  33mg/m3,  42mg/m3,2023-05-24 04:51:22
  32mg/m3,  39mg/m3,2023-05-24 04:51:53
  30mg/m3,  32mg/m3,2023-05-24 04:52:24
  29mg/m3,  34mg/m3,2023-05-24 04:52:55
  32mg/m3,  35mg/m3,2023-05-24 04:53:26
  30mg/m3,  35mg/m3,2023-05-24 04:53:57
  30mg/m3,  36mg/m3,2023-05-24 04:54:28
  30mg/m3,  39mg/m3,2023-05-24 04:54:59
  31mg/m3,  35mg/m3,2023-05-24 04:55:30
  29mg/m3,  31mg/m3,2023-05-24 04:56:01
  30mg/m3,  35mg/m3,2023-05-24 04:56:32
  26mg/m3,  29mg/m3,2023-05-24 04:57:03
  27mg/m3,  32mg/m3,2023-05-24 04:57:34
  24mg/m3,  26mg/m3,2023-05-24 04:58:05
  29mg/m3,  35mg/m3,2023-05-24 04:58:36
  29mg/m3,  32mg/m3,2023-05-24 04:59:07
  25mg/m3,  30mg/m3,2023-05-24 04:59:38
  26mg/m3,  33mg/m3,2023-05-24 05:00:09
  25mg/m3,  27mg/m3,2023-05-24 05:00:40
  25mg/m3,  28mg/m3,2023-05-24 05:01:11
  23mg/m3,  26mg/m3,2023-05-24 05:01:42
  32mg/m3,  35mg/m3,2023-05-24 05:02:13
  26mg/m3,  32mg/m3,2023-05-24 05:02:44
  27mg/m3,  28mg/m3,2023-05-24 05:03:15
  26mg/m3,  28mg/m3,2023-05-24 05:03:46
  27mg/m3,  32mg/m3,2023-05-24 05:04:17
  31mg/m3,  37mg/m3,2023-05-24 05:04:48
  27mg/m3,  31mg/m3,2023-05-24 05:05:19
  24mg/m3,  27mg/m3,2023-05-24 05:05:50
  23mg/m3,  26mg/m3,2023-05-24 05:06:21
  24mg/m3,  26mg/m3,2023-05-24 05:06:52
  30mg/m3,  33mg/m3,2023-05-24 05:07:23
  28mg/m3,  32mg/m3,2023-05-24 05:07:54
  26mg/m3,  31mg/m3,2023-05-24 05:08:25
  28mg/m3,  33mg/m3,2023-05-24 05:08:56
  24mg/m3,  27mg/m3,2023-05-24 05:09:27
  25mg/m3,  29mg/m3,2023-05-24 05:09:58
  26mg/m3,  29mg/m3,2023-05-24 05:10:29
  24mg/m3,  30mg/m3,2023-05-24 05:11:00
  27mg/m3,  34mg/m3,2023-05-24 05:11:31
  29mg/m3,  32mg/m3,2023-05-24 05:12:02
  29mg/m3,  32mg/m3,2023-05-24 05:12:33
  23mg/m3,  27mg/m3,2023-05-24 05:13:04
  27mg/m3,  29mg/m3,2023-05-24 05:13:35
  30mg/m3,  34mg/m3,2023-05-24 05:14:06
  28mg/m3,  32mg/m3,2023-05-24 05:14:37
  28mg/m3,  32mg/m3,2023-05-24 05:15:08
  27mg/m3,  34mg/m3,2023-05-24 05:15:39
  31mg/m3,  34mg/m3,2023-05-24 05:16:10
  26mg/m3,  33mg/m3,2023-05-24 05:16:41
  30mg/m3,  35mg/m3,2023-05-24 05:17:12
  26mg/m3,  30mg/m3,2023-05-24 05:17:43
  32mg/m3,  40mg/m3,2023-05-24 05:18:14
  30mg/m3,  33mg/m3,2023-05-24 05:18:45
  26mg/m3,  33mg/m3,2023-05-24 05:19:16
  27mg/m3,  31mg/m3,2023-05-24 05:19:47
  26mg/m3,  30mg/m3,2023-05-24 05:20:18
  26mg/m3,  27mg/m3,2023-05-24 05:20:49
  29mg/m3,  34mg/m3,2023-05-24 05:21:20
  26mg/m3,  27mg/m3,2023-05-24 05:21:51
  28mg/m3,  33mg/m3,2023-05-24 05:22:22
  28mg/m3,  30mg/m3,2023-05-24 05:22:53
  29mg/m3,  30mg/m3,2023-05-24 05:23:24
  26mg/m3,  29mg/m3,2023-05-24 05:23:55
  32mg/m3,  38mg/m3,2023-05-24 05:24:26
  28mg/m3,  31mg/m3,2023-05-24 05:24:57
  29mg/m3,  40mg/m3,2023-05-24 05:25:28
  28mg/m3,  30mg/m3,2023-05-24 05:25:59
  26mg/m3,  31mg/m3,2023-05-24 05:26:30
  29mg/m3,  35mg/m3,2023-05-24 05:27:01
  30mg/m3,  34mg/m3,2023-05-24 05:27:32
  30mg/m3,  33mg/m3,2023-05-24 05:28:03
  31mg/m3,  34mg/m3,2023-05-24 05:28:34
  30mg/m3,  37mg/m3,2023-05-24 05:29:05
  31mg/m3,  34mg/m3,2023-05-24 05:29:36
  25mg/m3,  28mg/m3,2023-05-24 05:30:07
  30mg/m3,  32mg/m3,2023-05-24 05:30:38
  28mg/m3,  32mg/m3,2023-05-24 05:31:09
  29mg/m3,  32mg/m3,2023-05-24 05:31:40
  29mg/m3,  31mg/m3,2023-05-24 05:32:11
  28mg/m3,  33mg/m3,2023-05-24 05:32:42
  30mg/m3,  32mg/m3,2023-05-24 05:33:13
  31mg/m3,  34mg/m3,2023-05-24 05:33:44
  23mg/m3,  24mg/m3,2023-05-24 05:34:15
  28mg/m3,  31mg/m3,2023-05-24 05:34:46
  24mg/m3,  30mg/m3,2023-05-24 05:35:17
  28mg/m3,  29mg/m3,2023-05-24 05:35:48
  29mg/m3,  37mg/m3,2023-05-24 05:36:19
  30mg/m3,  36mg/m3,2023-05-24 05:36:50
  29mg/m3,  33mg/m3,2023-05-24 05:37:21
  27mg/m3,  31mg/m3,2023-05-24 05:37:52
  29mg/m3,  32mg/m3,2023-05-24 05:38:23
  25mg/m3,  27mg/m3,2023-05-24 05:38:54
  26mg/m3,  31mg/m3,2023-05-24 05:39:25
  25mg/m3,  28mg/m3,2023-05-24 05:39:56
  29mg/m3,  31mg/m3,2023-05-24 05:40:27
  27mg/m3,  32mg/m3,2023-05-24 05:40:58
  26mg/m3,  30mg/m3,2023-05-24 05:41:29
  27mg/m3,  30mg/m3,2023-05-24 05:42:00
  30mg/m3,  34mg/m3,2023-05-24 05:42:31
  25mg/m3,  28mg/m3,2023-05-24 05:43:02
  23mg/m3,  28mg/m3,2023-05-24 05:43:33
  25mg/m3,  26mg/m3,2023-05-24 05:44:04
  26mg/m3,  31mg/m3,2023-05-24 05:44:35
  25mg/m3,  33mg/m3,2023-05-24 05:45:06
  26mg/m3,  28mg/m3,2023-05-24 05:45:37
  24mg/m3,  28mg/m3,2023-05-24 05:46:08
  26mg/m3,  29mg/m3,2023-05-24 05:46:39
  25mg/m3,  33mg/m3,2023-05-24 05:47:10
  25mg/m3,  29mg/m3,2023-05-24 05:47:41
  22mg/m3,  25mg/m3,2023-05-24 05:48:12
  28mg/m3,  33mg/m3,2023-05-24 05:48:43
  30mg/m3,  33mg/m3,2023-05-24 05:49:14
  27mg/m3,  31mg/m3,2023-05-24 05:49:45
  25mg/m3,  31mg/m3,2023-05-24 05:50:16
  22mg/m3,  26mg/m3,2023-05-24 05:50:47
  25mg/m3,  32mg/m3,2023-05-24 05:51:18
  25mg/m3,  28mg/m3,2023-05-24 05:51:49
  24mg/m3,  26mg/m3,2023-05-24 05:52:20
  25mg/m3,  29mg/m3,2023-05-24 05:52:51
  29mg/m3,  31mg/m3,2023-05-24 05:53:22
  27mg/m3,  31mg/m3,2023-05-24 05:53:53
  23mg/m3,  28mg/m3,2023-05-24 05:54:24
  25mg/m3,  28mg/m3,2023-05-24 05:54:55
  27mg/m3,  41mg/m3,2023-05-24 05:55:26
  29mg/m3,  31mg/m3,2023-05-24 05:55:57
  26mg/m3,  33mg/m3,2023-05-24 05:56:28
  30mg/m3,  31mg/m3,2023-05-24 05:56:59
  28mg/m3,  34mg/m3,2023-05-24 05:57:30
  26mg/m3,  28mg/m3,2023-05-24 05:58:01
  24mg/m3,  27mg/m3,2023-05-24 05:58:32
  28mg/m3,  37mg/m3,2023-05-24 05:59:03
  22mg/m3,  27mg/m3,2023-05-24 05:59:34
  29mg/m3,  32mg/m3,2023-05-24 06:00:05
  32mg/m3,  37mg/m3,2023-05-24 06:00:36
  25mg/m3,  29mg/m3,2023-05-24 06:01:07
  23mg/m3,  26mg/m3,2023-05-24 06:01:38
  28mg/m3,  31mg/m3,2023-05-24 06:02:09
  23mg/m3,  27mg/m3,2023-05-24 06:02:40
  27mg/m3,  34mg/m3,2023-05-24 06:03:11
  27mg/m3,  30mg/m3,2023-05-24 06:03:42
  27mg/m3,  29mg/m3,2023-05-24 06:04:13
  22mg/m3,  27mg/m3,2023-05-24 06:04:44
  29mg/m3,  30mg/m3,2023-05-24 06:05:15
  26mg/m3,  33mg/m3,2023-05-24 06:05:46
  30mg/m3,  36mg/m3,2023-05-24 06:06:17
  25mg/m3,  28mg/m3,2023-05-24 06:06:48
  26mg/m3,  28mg/m3,2023-05-24 06:07:19
  29mg/m3,  36mg/m3,2023-05-24 06:07:50
  28mg/m3,  37mg/m3,2023-05-24 06:08:21
  29mg/m3,  32mg/m3,2023-05-24 06:08:52
  29mg/m3,  35mg/m3,2023-05-24 06:09:23
  29mg/m3,  36mg/m3,2023-05-24 06:09:54
  25mg/m3,  26mg/m3,2023-05-24 06:10:25
  27mg/m3,  28mg/m3,2023-05-24 06:10:56
  29mg/m3,  32mg/m3,2023-05-24 06:11:27
  27mg/m3,  38mg/m3,2023-05-24 06:11:58
  22mg/m3,  24mg/m3,2023-05-24 06:12:29
  26mg/m3,  30mg/m3,2023-05-24 06:13:00
  27mg/m3,  31mg/m3,2023-05-24 06:13:31
  27mg/m3,  28mg/m3,2023-05-24 06:14:02
  27mg/m3,  31mg/m3,2023-05-24 06:14:33
  25mg/m3,  29mg/m3,2023-05-24 06:15:04
  29mg/m3,  33mg/m3,2023-05-24 06:15:35
  30mg/m3,  33mg/m3,2023-05-24 06:16:06
  26mg/m3,  32mg/m3,2023-05-24 06:16:37
  29mg/m3,  35mg/m3,2023-05-24 06:17:08
  27mg/m3,  29mg/m3,2023-05-24 06:17:39
  27mg/m3,  32mg/m3,2023-05-24 06:18:10
  29mg/m3,  31mg/m3,2023-05-24 06:18:42
  22mg/m3,  25mg/m3,2023-05-24 06:19:13
  26mg/m3,  32mg/m3,2023-05-24 06:19:44
  31mg/m3,  38mg/m3,2023-05-24 06:20:15
  26mg/m3,  27mg/m3,2023-05-24 06:20:46
  27mg/m3,  31mg/m3,2023-05-24 06:21:17
  26mg/m3,  29mg/m3,2023-05-24 06:21:48
  25mg/m3,  30mg/m3,2023-05-24 06:22:19
  27mg/m3,  32mg/m3,2023-05-24 06:22:50
  29mg/m3,  32mg/m3,2023-05-24 06:23:21
  25mg/m3,  28mg/m3,2023-05-24 06:23:52
  24mg/m3,  30mg/m3,2023-05-24 06:24:23
  28mg/m3,  31mg/m3,2023-05-24 06:24:54
  24mg/m3,  30mg/m3,2023-05-24 06:25:25
  25mg/m3,  29mg/m3,2023-05-24 06:25:56
  26mg/m3,  30mg/m3,2023-05-24 06:26:27
  30mg/m3,  31mg/m3,2023-05-24 06:26:58
  22mg/m3,  25mg/m3,2023-05-24 06:27:29
  25mg/m3,  32mg/m3,2023-05-24 06:28:00
  23mg/m3,  27mg/m3,2023-05-24 06:28:31
  27mg/m3,  32mg/m3,2023-05-24 06:29:02
  31mg/m3,  37mg/m3,2023-05-24 06:29:33
  27mg/m3,  33mg/m3,2023-05-24 06:30:04
  27mg/m3,  31mg/m3,2023-05-24 06:30:35
  26mg/m3,  28mg/m3,2023-05-24 06:31:06
  28mg/m3,  32mg/m3,2023-05-24 06:31:37
  24mg/m3,  25mg/m3,2023-05-24 06:32:08
  28mg/m3,  30mg/m3,2023-05-24 06:32:39
  27mg/m3,  29mg/m3,2023-05-24 06:33:10
  29mg/m3,  30mg/m3,2023-05-24 06:33:41
  27mg/m3,  30mg/m3,2023-05-24 06:34:12
  24mg/m3,  26mg/m3,2023-05-24 06:34:43
  29mg/m3,  31mg/m3,2023-05-24 06:35:14
  26mg/m3,  27mg/m3,2023-05-24 06:35:45
  30mg/m3,  34mg/m3,2023-05-24 06:36:16
  28mg/m3,  38mg/m3,2023-05-24 06:36:47
  27mg/m3,  28mg/m3,2023-05-24 06:37:18
  29mg/m3,  31mg/m3,2023-05-24 06:37:49
  25mg/m3,  29mg/m3,2023-05-24 06:38:20
  27mg/m3,  31mg/m3,2023-05-24 06:38:51
  27mg/m3,  28mg/m3,2023-05-24 06:39:22
  26mg/m3,  29mg/m3,2023-05-24 06:39:53
  29mg/m3,  34mg/m3,2023-05-24 06:40:24
  26mg/m3,  29mg/m3,2023-05-24 06:40:55
  24mg/m3,  27mg/m3,2023-05-24 06:41:26
  28mg/m3,  33mg/m3,2023-05-24 06:41:57
  31mg/m3,  36mg/m3,2023-05-24 06:42:28
  32mg/m3,  35mg/m3,2023-05-24 06:42:59
  29mg/m3,  31mg/m3,2023-05-24 06:43:31
  24mg/m3,  27mg/m3,2023-05-24 06:44:02
  26mg/m3,  30mg/m3,2023-05-24 06:44:33
  26mg/m3,  30mg/m3,2023-05-24 06:45:04
  30mg/m3,  32mg/m3,2023-05-24 06:45:35
  22mg/m3,  25mg/m3,2023-05-24 06:46:06
  25mg/m3,  27mg/m3,2023-05-24 06:46:37
  27mg/m3,  32mg/m3,2023-05-24 06:47:08
  31mg/m3,  35mg/m3,2023-05-24 06:47:39
  25mg/m3,  29mg/m3,2023-05-24 06:48:10
  26mg/m3,  30mg/m3,2023-05-24 06:48:41
  26mg/m3,  28mg/m3,2023-05-24 06:49:12
  30mg/m3,  36mg/m3,2023-05-24 06:49:43
  25mg/m3,  28mg/m3,2023-05-24 06:50:14
  28mg/m3,  31mg/m3,2023-05-24 06:50:45
  30mg/m3,  34mg/m3,2023-05-24 06:51:16
  26mg/m3,  28mg/m3,2023-05-24 06:51:47
  30mg/m3,  34mg/m3,2023-05-24 06:52:18
  25mg/m3,  26mg/m3,2023-05-24 06:52:49
  30mg/m3,  31mg/m3,2023-05-24 06:53:20
  30mg/m3,  33mg/m3,2023-05-24 06:53:51
  30mg/m3,  33mg/m3,2023-05-24 06:54:22
  29mg/m3,  32mg/m3,2023-05-24 06:54:53
  25mg/m3,  27mg/m3,2023-05-24 06:55:24
  29mg/m3,  34mg/m3,2023-05-24 06:55:55
  28mg/m3,  33mg/m3,2023-05-24 06:56:26
  26mg/m3,  36mg/m3,2023-05-24 06:56:57
  30mg/m3,  33mg/m3,2023-05-24 06:57:28
  29mg/m3,  36mg/m3,2023-05-24 06:57:59
  24mg/m3,  27mg/m3,2023-05-24 06:58:30
  32mg/m3,  42mg/m3,2023-05-24 06:59:01
  32mg/m3,  41mg/m3,2023-05-24 06:59:32
  30mg/m3,  35mg/m3,2023-05-24 07:00:03
  28mg/m3,  33mg/m3,2023-05-24 07:00:34
  31mg/m3,  38mg/m3,2023-05-24 07:01:05
  32mg/m3,  40mg/m3,2023-05-24 07:01:36
  27mg/m3,  28mg/m3,2023-05-24 07:02:07
  30mg/m3,  35mg/m3,2023-05-24 07:02:38
  28mg/m3,  30mg/m3,2023-05-24 07:03:09
  29mg/m3,  36mg/m3,2023-05-24 07:03:40
  30mg/m3,  33mg/m3,2023-05-24 07:04:11
  31mg/m3,  36mg/m3,2023-05-24 07:04:42
  27mg/m3,  29mg/m3,2023-05-24 07:05:13
  29mg/m3,  33mg/m3,2023-05-24 07:05:44
  32mg/m3,  39mg/m3,2023-05-24 07:06:15
  31mg/m3,  33mg/m3,2023-05-24 07:06:46
  28mg/m3,  31mg/m3,2023-05-24 07:07:17
  25mg/m3,  28mg/m3,2023-05-24 07:07:48
  25mg/m3,  29mg/m3,2023-05-24 07:08:19
  28mg/m3,  30mg/m3,2023-05-24 07:08:50
  30mg/m3,  36mg/m3,2023-05-24 07:09:21
  31mg/m3,  34mg/m3,2023-05-24 07:09:52
  25mg/m3,  26mg/m3,2023-05-24 07:10:23
  30mg/m3,  33mg/m3,2023-05-24 07:10:54
  27mg/m3,  31mg/m3,2023-05-24 07:11:25
  30mg/m3,  33mg/m3,2023-05-24 07:11:56
  33mg/m3,  37mg/m3,2023-05-24 07:12:27
  30mg/m3,  32mg/m3,2023-05-24 07:12:58
  29mg/m3,  38mg/m3,2023-05-24 07:13:29
  32mg/m3,  41mg/m3,2023-05-24 07:14:00
  42mg/m3,  60mg/m3,2023-05-24 07:14:31
  32mg/m3,  44mg/m3,2023-05-24 07:15:02
  29mg/m3,  32mg/m3,2023-05-24 07:15:33
  30mg/m3,  33mg/m3,2023-05-24 07:16:04
  30mg/m3,  35mg/m3,2023-05-24 07:16:35
  30mg/m3,  34mg/m3,2023-05-24 07:17:06
  31mg/m3,  37mg/m3,2023-05-24 07:17:37
  29mg/m3,  33mg/m3,2023-05-24 07:18:08
  27mg/m3,  32mg/m3,2023-05-24 07:18:39
  29mg/m3,  39mg/m3,2023-05-24 07:19:10
  30mg/m3,  35mg/m3,2023-05-24 07:19:41
  30mg/m3,  32mg/m3,2023-05-24 07:20:12
  29mg/m3,  32mg/m3,2023-05-24 07:20:43
  26mg/m3,  27mg/m3,2023-05-24 07:21:14
  29mg/m3,  30mg/m3,2023-05-24 07:21:45
  29mg/m3,  32mg/m3,2023-05-24 07:22:16
  30mg/m3,  36mg/m3,2023-05-24 07:22:47
  32mg/m3,  37mg/m3,2023-05-24 07:23:18
  30mg/m3,  37mg/m3,2023-05-24 07:23:49
  25mg/m3,  30mg/m3,2023-05-24 07:24:20
  28mg/m3,  32mg/m3,2023-05-24 07:24:51
  28mg/m3,  34mg/m3,2023-05-24 07:25:22
  26mg/m3,  28mg/m3,2023-05-24 07:25:53
  30mg/m3,  33mg/m3,2023-05-24 07:26:24
  30mg/m3,  37mg/m3,2023-05-24 07:26:55
  32mg/m3,  38mg/m3,2023-05-24 07:27:26
  31mg/m3,  36mg/m3,2023-05-24 07:27:57
  27mg/m3,  33mg/m3,2023-05-24 07:28:28
  31mg/m3,  34mg/m3,2023-05-24 07:28:59
  31mg/m3,  36mg/m3,2023-05-24 07:29:30
  30mg/m3,  34mg/m3,2023-05-24 07:30:01
  29mg/m3,  31mg/m3,2023-05-24 07:30:32
  30mg/m3,  33mg/m3,2023-05-24 07:31:03
  32mg/m3,  39mg/m3,2023-05-24 07:31:34
  31mg/m3,  35mg/m3,2023-05-24 07:32:05
  31mg/m3,  41mg/m3,2023-05-24 07:32:36
  29mg/m3,  31mg/m3,2023-05-24 07:33:07
  29mg/m3,  32mg/m3,2023-05-24 07:33:38
  30mg/m3,  31mg/m3,2023-05-24 07:34:09
  28mg/m3,  34mg/m3,2023-05-24 07:34:40
  29mg/m3,  32mg/m3,2023-05-24 07:35:11
  27mg/m3,  31mg/m3,2023-05-24 07:35:42
  31mg/m3,  36mg/m3,2023-05-24 07:36:13
  27mg/m3,  28mg/m3,2023-05-24 07:36:44
  30mg/m3,  35mg/m3,2023-05-24 07:37:15
  30mg/m3,  32mg/m3,2023-05-24 07:37:46
  29mg/m3,  35mg/m3,2023-05-24 07:38:17
  28mg/m3,  33mg/m3,2023-05-24 07:38:48
  29mg/m3,  31mg/m3,2023-05-24 07:39:19
  31mg/m3,  35mg/m3,2023-05-24 07:39:50
  32mg/m3,  36mg/m3,2023-05-24 07:40:21
  27mg/m3,  30mg/m3,2023-05-24 07:40:52
  27mg/m3,  31mg/m3,2023-05-24 07:41:23
  30mg/m3,  39mg/m3,2023-05-24 07:41:54
  22mg/m3,  25mg/m3,2023-05-24 07:42:25
  30mg/m3,  33mg/m3,2023-05-24 07:42:56
  30mg/m3,  35mg/m3,2023-05-24 07:43:27
  27mg/m3,  33mg/m3,2023-05-24 07:43:58
  28mg/m3,  32mg/m3,2023-05-24 07:44:29
  27mg/m3,  30mg/m3,2023-05-24 07:45:00
  26mg/m3,  37mg/m3,2023-05-24 07:45:31
  26mg/m3,  29mg/m3,2023-05-24 07:46:02
  25mg/m3,  27mg/m3,2023-05-24 07:46:33
  30mg/m3,  34mg/m3,2023-05-24 07:47:04
  26mg/m3,  30mg/m3,2023-05-24 07:47:35
  25mg/m3,  31mg/m3,2023-05-24 07:48:06
  27mg/m3,  31mg/m3,2023-05-24 07:48:37
  24mg/m3,  29mg/m3,2023-05-24 07:49:08
  28mg/m3,  31mg/m3,2023-05-24 07:49:39
  25mg/m3,  29mg/m3,2023-05-24 07:50:10
  27mg/m3,  31mg/m3,2023-05-24 07:50:41
  26mg/m3,  30mg/m3,2023-05-24 07:51:12
  27mg/m3,  34mg/m3,2023-05-24 07:51:43
  23mg/m3,  24mg/m3,2023-05-24 07:52:14
  30mg/m3,  34mg/m3,2023-05-24 07:52:45
  30mg/m3,  36mg/m3,2023-05-24 07:53:16
  32mg/m3,  37mg/m3,2023-05-24 07:53:47
  31mg/m3,  35mg/m3,2023-05-24 07:54:18
  30mg/m3,  31mg/m3,2023-05-24 07:54:49
  30mg/m3,  36mg/m3,2023-05-24 07:55:20
  26mg/m3,  31mg/m3,2023-05-24 07:55:51
  30mg/m3,  32mg/m3,2023-05-24 07:56:22
  31mg/m3,  42mg/m3,2023-05-24 07:56:53
  32mg/m3,  37mg/m3,2023-05-24 07:57:24
  29mg/m3,  31mg/m3,2023-05-24 07:57:55
  29mg/m3,  32mg/m3,2023-05-24 07:58:26
  24mg/m3,  25mg/m3,2023-05-24 07:58:57
  32mg/m3,  38mg/m3,2023-05-24 07:59:28
  23mg/m3,  28mg/m3,2023-05-24 07:59:59
  25mg/m3,  30mg/m3,2023-05-24 08:00:30
  26mg/m3,  29mg/m3,2023-05-24 08:01:01
  25mg/m3,  27mg/m3,2023-05-24 08:01:32
  26mg/m3,  28mg/m3,2023-05-24 08:02:03
  27mg/m3,  28mg/m3,2023-05-24 08:02:34
  22mg/m3,  24mg/m3,2023-05-24 08:03:05
  28mg/m3,  32mg/m3,2023-05-24 08:03:36
  21mg/m3,  25mg/m3,2023-05-24 08:04:07
  25mg/m3,  26mg/m3,2023-05-24 08:04:38
  28mg/m3,  29mg/m3,2023-05-24 08:05:09
