created_at,entry_id,field1,field2,field3,field4,field5,field6,field7,field8,latitude,longitude,elevation,status
2023-05-02T22:52:03+00:00,1,28.20,77.51,4155.00,1666.00,6674.00,1206.00,0,1,,,,
2023-05-02T22:52:32+00:00,2,28.31,77.32,5476.00,2650.00,3531.00,2142.00,0,1,,,,
2023-05-02T22:53:01+00:00,3,28.39,77.05,5399.00,2432.00,1774.00,2189.00,0,1,,,,
2023-05-02T22:53:30+00:00,4,28.48,76.75,5239.00,2698.00,1722.00,2146.00,0,1,,,,
2023-05-02T22:53:59+00:00,5,28.58,76.45,5161.00,2529.00,1857.00,2080.00,0,1,,,,
2023-05-02T22:54:28+00:00,6,28.67,75.94,5099.00,2329.00,2016.00,2022.00,0,1,,,,
2023-05-02T22:54:57+00:00,7,28.76,75.62,4901.00,2293.00,2191.00,1918.00,0,1,,,,
2023-05-02T22:55:26+00:00,8,28.83,75.20,4791.00,2199.00,2330.00,1853.00,0,1,,,,
2023-05-02T22:55:55+00:00,9,28.91,74.95,4820.00,2198.00,2429.00,1852.00,0,1,,,,
2023-05-02T22:56:24+00:00,10,28.99,74.57,4790.00,2115.00,2513.00,1825.00,0,1,,,,
2023-05-02T22:56:53+00:00,11,29.09,74.24,4749.00,2115.00,2580.00,1801.00,0,1,,,,
2023-05-02T22:57:22+00:00,12,29.16,73.88,4732.00,1898.00,2643.00,1785.00,0,1,,,,
2023-05-02T22:57:51+00:00,13,29.25,73.58,4662.00,1864.00,2708.00,1749.00,0,1,,,,
2023-05-02T22:58:20+00:00,14,29.34,73.29,4656.00,1980.00,2752.00,1750.00,0,1,,,,
2023-05-02T22:58:49+00:00,15,29.43,72.96,4635.00,1946.00,2796.00,1735.00,0,1,,,,
2023-05-02T22:59:18+00:00,16,29.51,72.63,4570.00,1815.00,2838.00,1704.00,0,1,,,,
2023-05-02T22:59:48+00:00,17,29.59,72.37,4565.00,1778.00,2886.00,1698.00,0,1,,,,
2023-05-02T23:00:17+00:00,18,29.67,72.10,4554.00,1885.00,2907.00,1693.00,0,1,,,,
2023-05-02T23:01:20+00:00,19,29.83,71.44,4496.00,1886.00,2959.00,1665.00,0,1,,,,
2023-05-02T23:01:49+00:00,20,29.89,71.08,4455.00,1856.00,3002.00,1650.00,0,1,,,,
2023-05-02T23:02:18+00:00,21,29.98,70.87,4468.00,1783.00,3000.00,1656.00,0,1,,,,
2023-05-02T23:02:48+00:00,22,30.08,70.46,4436.00,1792.00,3010.00,1645.00,0,1,,,,
2023-05-02T23:03:18+00:00,23,30.16,70.25,4383.00,1656.00,3007.00,1620.00,0,1,,,,
2023-05-02T23:03:48+00:00,24,30.22,69.98,4333.00,1723.00,3066.00,1603.00,0,1,,,,
2023-05-02T23:04:51+00:00,25,30.31,69.59,4326.00,1576.00,3029.00,1601.00,0,1,,,,
2023-05-02T23:05:20+00:00,26,30.39,69.44,4358.00,1550.00,3012.00,1612.00,0,1,,,,
2023-05-02T23:05:49+00:00,27,30.46,69.14,4312.00,1532.00,3079.00,1596.00,0,1,,,,
2023-05-02T23:06:18+00:00,28,30.49,68.92,4373.00,1546.00,3052.00,1620.00,0,1,,,,
2023-05-02T23:06:47+00:00,29,30.56,68.80,4329.00,1532.00,3072.00,1604.00,0,1,,,,
2023-05-02T23:07:16+00:00,30,30.61,68.64,4299.00,1528.00,3079.00,1594.00,0,1,,,,
2023-05-02T23:07:45+00:00,31,30.61,68.43,4273.00,1525.00,3090.00,1588.00,0,1,,,,
2023-05-02T23:08:16+00:00,32,30.64,68.39,4268.00,1522.00,3092.00,1585.00,0,1,,,,
2023-05-02T23:08:46+00:00,33,30.75,68.15,4242.00,1519.00,3093.00,1573.00,0,1,,,,
2023-05-02T23:09:16+00:00,34,30.75,67.85,4230.00,1511.00,3117.00,1549.00,0,1,,,,
2023-05-02T23:09:45+00:00,35,30.82,67.79,4164.00,1541.00,3127.00,1543.00,0,1,,,,
2023-05-02T23:10:16+00:00,36,30.82,67.70,4188.00,1596.00,3123.00,1574.00,0,1,,,,
2023-05-02T23:10:45+00:00,37,30.87,67.63,4207.00,1629.00,3100.00,1569.00,0,1,,,,
2023-05-02T23:11:14+00:00,38,30.96,67.42,4260.00,1706.00,3099.00,1568.00,0,1,,,,
2023-05-02T23:11:43+00:00,39,31.04,67.13,4247.00,1734.00,3101.00,1565.00,0,1,,,,
2023-05-02T23:12:12+00:00,40,31.05,66.88,4216.00,1704.00,3103.00,1560.00,0,1,,,,
2023-05-02T23:12:41+00:00,41,31.06,66.82,4212.00,1661.00,3102.00,1553.00,0,1,,,,
2023-05-02T23:13:10+00:00,42,31.06,66.77,4209.00,1702.00,3107.00,1547.00,0,1,,,,
2023-05-02T23:13:39+00:00,43,31.13,66.69,4171.00,1587.00,3115.00,1539.00,0,1,,,,
2023-05-02T23:14:08+00:00,44,31.13,66.53,4152.00,1700.00,3119.00,1537.00,0,1,,,,
2023-05-02T23:14:37+00:00,45,31.18,66.54,4146.00,1658.00,3111.00,1531.00,0,1,,,,
2023-05-02T23:15:07+00:00,46,31.21,66.25,4135.00,1709.00,3119.00,1529.00,0,1,,,,
2023-05-02T23:15:37+00:00,47,31.22,66.25,4122.00,1732.00,3118.00,1527.00,0,1,,,,
2023-05-02T23:16:06+00:00,48,31.23,66.21,4096.00,1735.00,3129.00,1520.00,0,1,,,,
2023-05-02T23:16:35+00:00,49,31.28,66.07,4008.00,1663.00,3130.00,1499.00,0,1,,,,
2023-05-02T23:17:04+00:00,50,31.29,65.87,4061.00,1725.00,3161.00,1507.00,0,1,,,,
2023-05-02T23:17:33+00:00,51,31.38,65.85,4061.00,1720.00,3120.00,1515.00,0,1,,,,
2023-05-02T23:18:02+00:00,52,31.37,65.54,4062.00,1623.00,3115.00,1509.00,0,1,,,,
2023-05-02T23:18:31+00:00,53,31.40,65.53,4059.00,1634.00,3118.00,1507.00,0,1,,,,
2023-05-02T23:19:00+00:00,54,31.45,65.48,4049.00,1646.00,3124.00,1500.00,0,1,,,,
2023-05-02T23:19:29+00:00,55,31.48,65.32,4043.00,1655.00,3127.00,1502.00,0,1,,,,
2023-05-02T23:19:58+00:00,56,31.48,65.26,4039.00,1626.00,3142.00,1497.00,0,1,,,,
2023-05-02T23:20:28+00:00,57,31.48,65.17,4025.00,1649.00,3140.00,1489.00,0,1,,,,
2023-05-02T23:20:57+00:00,58,31.49,65.15,4031.00,1570.00,3144.00,1491.00,0,1,,,,
2023-05-02T23:21:26+00:00,59,31.50,65.11,4021.00,1529.00,3140.00,1493.00,0,1,,,,
2023-05-02T23:21:55+00:00,60,31.55,65.01,4009.00,1556.00,3146.00,1488.00,0,1,,,,
2023-05-02T23:22:24+00:00,61,31.53,64.96,3991.00,1557.00,3146.00,1484.00,0,1,,,,
2023-05-02T23:22:53+00:00,62,31.60,64.91,3967.00,1579.00,3146.00,1477.00,0,1,,,,
2023-05-02T23:23:22+00:00,63,31.59,64.90,3991.00,1582.00,3156.00,1487.00,0,1,,,,
2023-05-02T23:23:51+00:00,64,31.63,64.82,3990.00,1551.00,3151.00,1489.00,0,1,,,,
2023-05-02T23:24:20+00:00,65,31.61,64.77,3957.00,1609.00,3145.00,1484.00,0,1,,,,
2023-05-02T23:24:50+00:00,66,31.63,64.67,3947.00,1524.00,3154.00,1482.00,0,1,,,,
2023-05-02T23:25:19+00:00,67,31.66,64.70,3938.00,1609.00,3151.00,1477.00,0,1,,,,
2023-05-02T23:25:48+00:00,68,31.65,64.68,3908.00,1639.00,3153.00,1469.00,0,1,,,,
2023-05-02T23:26:17+00:00,69,31.68,64.56,3872.00,1613.00,3156.00,1462.00,0,1,,,,
2023-05-02T23:26:46+00:00,70,31.68,64.49,3867.00,1618.00,3158.00,1459.00,0,1,,,,
2023-05-02T23:27:15+00:00,71,31.71,64.47,3843.00,1621.00,3160.00,1455.00,0,1,,,,
2023-05-02T23:27:44+00:00,72,31.72,64.45,3875.00,1628.00,3158.00,1464.00,0,1,,,,
2023-05-02T23:28:13+00:00,73,31.72,64.47,3866.00,1641.00,3157.00,1464.00,0,1,,,,
2023-05-02T23:28:42+00:00,74,31.71,64.31,3866.00,1634.00,3151.00,1465.00,0,1,,,,
2023-05-02T23:29:11+00:00,75,31.73,64.39,3824.00,1627.00,3159.00,1454.00,0,1,,,,
2023-05-02T23:29:40+00:00,76,31.76,64.32,3824.00,1558.00,3149.00,1452.00,0,1,,,,
2023-05-02T23:30:09+00:00,77,31.79,64.19,3835.00,1580.00,3152.00,1456.00,0,1,,,,
2023-05-02T23:30:38+00:00,78,31.77,64.22,3808.00,1603.00,3157.00,1452.00,0,1,,,,
2023-05-02T23:31:07+00:00,79,31.82,64.04,3763.00,1618.00,3149.00,1452.00,0,1,,,,
2023-05-02T23:31:36+00:00,80,31.82,64.08,3800.00,1594.00,3139.00,1456.00,0,1,,,,
2023-05-02T23:33:48+00:00,81,31.80,64.01,3779.00,1545.00,3141.00,1447.00,0,1,,,,
2023-05-02T23:34:17+00:00,82,31.84,63.98,3734.00,1562.00,3134.00,1435.00,0,1,,,,
2023-05-02T23:35:20+00:00,83,31.82,64.07,3728.00,1653.00,3138.00,1444.00,0,1,,,,
2023-05-02T23:35:49+00:00,84,31.84,63.88,3744.00,1529.00,3142.00,1446.00,0,1,,,,
2023-05-02T23:36:18+00:00,85,31.85,64.02,3741.00,1593.00,3135.00,1443.00,0,1,,,,
2023-05-02T23:36:47+00:00,86,31.84,63.88,3791.00,1494.00,3133.00,1455.00,0,1,,,,
2023-05-02T23:37:16+00:00,87,31.83,63.95,3814.00,1482.00,3112.00,1466.00,0,1,,,,
2023-05-02T23:37:45+00:00,88,31.82,64.04,3803.00,1486.00,3114.00,1467.00,0,1,,,,
2023-05-02T23:38:15+00:00,89,31.85,63.99,3798.00,1484.00,3121.00,1456.00,0,1,,,,
2023-05-02T23:38:44+00:00,90,31.83,63.85,3779.00,1483.00,3124.00,1460.00,0,1,,,,
2023-05-02T23:39:13+00:00,91,31.88,63.81,3783.00,1483.00,3120.00,1456.00,0,1,,,,
2023-05-02T23:39:42+00:00,92,31.85,63.83,3777.00,1503.00,3109.00,1465.00,0,1,,,,
2023-05-02T23:40:11+00:00,93,31.84,63.89,3763.00,1510.00,3132.00,1473.00,0,1,,,,
2023-05-02T23:40:40+00:00,94,31.80,63.91,3758.00,1525.00,3140.00,1470.00,0,1,,,,
2023-05-02T23:41:09+00:00,95,31.78,63.97,3742.00,1547.00,3148.00,1470.00,0,1,,,,
2023-05-02T23:41:38+00:00,96,31.84,64.08,3770.00,1583.00,3151.00,1479.00,0,1,,,,
2023-05-02T23:42:07+00:00,97,31.84,63.88,3755.00,1502.00,3154.00,1468.00,0,1,,,,
2023-05-02T23:42:36+00:00,98,31.84,63.83,3753.00,1518.00,3158.00,1468.00,0,1,,,,
2023-05-02T23:43:05+00:00,99,31.87,63.74,3747.00,1523.00,3156.00,1463.00,0,1,,,,
2023-05-02T23:43:34+00:00,100,31.93,63.62,3746.00,1523.00,3161.00,1460.00,0,1,,,,
2023-05-02T23:44:04+00:00,101,31.89,63.68,3729.00,1464.00,3156.00,1455.00,0,1,,,,
2023-05-02T23:44:33+00:00,102,31.88,63.59,3718.00,1475.00,3164.00,1454.00,0,1,,,,
2023-05-02T23:45:02+00:00,103,31.91,63.70,3708.00,1523.00,3163.00,1452.00,0,1,,,,
2023-05-02T23:45:31+00:00,104,31.90,63.64,3684.00,1520.00,3170.00,1450.00,0,1,,,,
2023-05-02T23:46:00+00:00,105,31.93,63.58,3683.00,1519.00,3165.00,1446.00,0,1,,,,
2023-05-02T23:46:29+00:00,106,31.94,63.45,3668.00,1503.00,3167.00,1446.00,0,1,,,,
2023-05-02T23:46:58+00:00,107,31.88,63.51,3671.00,1504.00,3173.00,1443.00,0,1,,,,
2023-05-02T23:47:27+00:00,108,31.89,63.49,3671.00,1477.00,3167.00,1445.00,0,1,,,,
2023-05-02T23:47:56+00:00,109,31.90,63.51,3683.00,1475.00,3172.00,1446.00,0,1,,,,
2023-05-02T23:48:26+00:00,110,31.91,63.56,3673.00,1478.00,3163.00,1446.00,0,1,,,,
2023-05-02T23:48:55+00:00,111,31.94,63.39,3674.00,1473.00,3173.00,1447.00,0,1,,,,
2023-05-02T23:49:23+00:00,112,31.91,63.39,3663.00,1473.00,3163.00,1441.00,0,1,,,,
2023-05-02T23:49:53+00:00,113,31.94,63.41,3656.00,1472.00,3161.00,1439.00,0,1,,,,
2023-05-02T23:50:23+00:00,114,31.93,63.40,3647.00,1478.00,3170.00,1445.00,0,1,,,,
2023-05-02T23:50:53+00:00,115,31.90,63.50,3651.00,1480.00,3177.00,1439.00,0,1,,,,
2023-05-02T23:51:22+00:00,116,31.89,63.50,3636.00,1482.00,3179.00,1443.00,0,1,,,,
2023-05-02T23:51:51+00:00,117,31.90,63.38,3574.00,1490.00,3177.00,1436.00,0,1,,,,
2023-05-02T23:52:20+00:00,118,31.94,63.29,3579.00,1487.00,3176.00,1436.00,0,1,,,,
2023-05-02T23:52:49+00:00,119,31.97,63.38,3605.00,1487.00,3178.00,1438.00,0,1,,,,
2023-05-02T23:53:18+00:00,120,31.91,63.32,3603.00,1490.00,3180.00,1434.00,0,1,,,,
2023-05-02T23:53:48+00:00,121,31.94,63.35,3610.00,1487.00,3178.00,1428.00,0,1,,,,
2023-05-02T23:54:16+00:00,122,31.92,63.14,3603.00,1501.00,3173.00,1430.00,0,1,,,,
2023-05-02T23:54:46+00:00,123,31.97,63.14,3609.00,1541.00,3173.00,1435.00,0,1,,,,
2023-05-02T23:55:15+00:00,124,31.97,63.21,3599.00,1459.00,3185.00,1428.00,0,1,,,,
2023-05-02T23:56:18+00:00,125,31.96,63.27,3624.00,1473.00,3198.00,1436.00,0,1,,,,
2023-05-02T23:56:47+00:00,126,31.88,63.29,3618.00,1476.00,3193.00,1437.00,0,1,,,,
2023-05-02T23:57:16+00:00,127,31.91,63.24,3613.00,1474.00,3192.00,1435.00,0,1,,,,
2023-05-02T23:57:45+00:00,128,31.92,63.33,3592.00,1476.00,3192.00,1432.00,0,1,,,,
2023-05-02T23:58:14+00:00,129,31.90,63.40,3602.00,1482.00,3193.00,1433.00,0,1,,,,
2023-05-02T23:59:18+00:00,130,31.93,63.28,3617.00,1476.00,3188.00,1429.00,0,1,,,,
2023-05-02T23:59:48+00:00,131,31.87,63.29,3612.00,1509.00,3189.00,1434.00,0,1,,,,
2023-05-03T00:00:18+00:00,132,31.85,63.35,3608.00,1483.00,3177.00,1429.00,0,1,,,,
2023-05-03T00:00:48+00:00,133,31.85,63.43,3596.00,1485.00,3166.00,1430.00,0,1,,,,
2023-05-03T00:01:18+00:00,134,31.84,63.37,3598.00,1488.00,3176.00,1425.00,0,1,,,,
2023-05-03T00:01:48+00:00,135,31.84,63.42,3591.00,1479.00,3172.00,1426.00,0,1,,,,
2023-05-03T00:02:18+00:00,136,31.93,63.29,3584.00,1485.00,3177.00,1434.00,0,1,,,,
2023-05-03T00:02:48+00:00,137,31.94,63.27,3577.00,1498.00,3180.00,1449.00,0,1,,,,
2023-05-03T00:03:51+00:00,138,31.91,63.44,3560.00,1524.00,3173.00,1480.00,0,1,,,,
2023-05-03T00:04:21+00:00,139,31.90,63.42,3550.00,1527.00,3183.00,1486.00,0,1,,,,
2023-05-03T00:04:50+00:00,140,31.92,63.35,3561.00,1529.00,3182.00,1484.00,0,1,,,,
2023-05-03T00:05:19+00:00,141,31.92,63.30,3570.00,1531.00,3185.00,1483.00,0,1,,,,
2023-05-03T00:05:48+00:00,142,31.87,63.34,3556.00,1469.00,3189.00,1479.00,0,1,,,,
2023-05-03T00:06:51+00:00,143,31.91,63.23,3535.00,1464.00,3188.00,1471.00,0,1,,,,
2023-05-03T00:07:20+00:00,144,31.90,63.18,3545.00,1466.00,3183.00,1465.00,0,1,,,,
2023-05-03T00:07:49+00:00,145,31.91,63.26,3544.00,1468.00,3186.00,1465.00,0,1,,,,
2023-05-03T00:08:18+00:00,146,31.92,63.20,3524.00,1460.00,3169.00,1454.00,0,1,,,,
2023-05-03T00:08:47+00:00,147,31.95,63.13,3527.00,1467.00,3186.00,1465.00,0,1,,,,
2023-05-03T00:09:16+00:00,148,31.96,63.10,3550.00,1473.00,3174.00,1468.00,0,1,,,,
2023-05-03T00:09:45+00:00,149,31.94,63.15,3535.00,1477.00,3168.00,1469.00,0,1,,,,
2023-05-03T00:10:14+00:00,150,31.93,63.19,3555.00,1474.00,3162.00,1464.00,0,1,,,,
2023-05-03T00:10:44+00:00,151,31.91,63.16,3554.00,1479.00,3159.00,1462.00,0,1,,,,
2023-05-03T00:11:13+00:00,152,31.94,63.07,3553.00,1483.00,3166.00,1460.00,0,1,,,,
2023-05-03T00:11:42+00:00,153,31.94,63.07,3547.00,1490.00,3162.00,1457.00,0,1,,,,
2023-05-03T00:12:11+00:00,154,31.92,63.12,3547.00,1499.00,3169.00,1451.00,0,1,,,,
2023-05-03T00:13:14+00:00,155,31.96,62.87,3528.00,1471.00,3163.00,1444.00,0,1,,,,
2023-05-03T00:13:43+00:00,156,31.98,62.99,3524.00,1474.00,3157.00,1450.00,0,1,,,,
2023-05-03T00:14:12+00:00,157,31.96,63.06,3521.00,1479.00,3161.00,1452.00,0,1,,,,
2023-05-03T00:14:41+00:00,158,31.95,62.97,3523.00,1486.00,3149.00,1451.00,0,1,,,,
2023-05-03T00:15:44+00:00,159,31.92,63.00,3516.00,1490.00,3143.00,1455.00,0,1,,,,
2023-05-03T00:16:14+00:00,160,31.93,63.04,3512.00,1509.00,3141.00,1452.00,0,1,,,,
2023-05-03T00:16:44+00:00,161,31.90,63.12,3510.00,1532.00,3141.00,1456.00,0,1,,,,
2023-05-03T00:17:14+00:00,162,31.91,63.10,3506.00,1496.00,3136.00,1453.00,0,1,,,,
2023-05-03T00:17:44+00:00,163,31.95,63.04,3470.00,1465.00,3126.00,1448.00,0,1,,,,
2023-05-03T00:18:14+00:00,164,31.99,62.94,3479.00,1459.00,3130.00,1450.00,0,1,,,,
2023-05-03T00:18:44+00:00,165,32.01,62.94,3466.00,1447.00,3127.00,1446.00,0,1,,,,
2023-05-03T00:19:13+00:00,166,31.98,62.88,3480.00,1451.00,3128.00,1441.00,0,1,,,,
2023-05-03T00:20:16+00:00,167,31.94,62.93,3462.00,1450.00,3125.00,1438.00,0,1,,,,
2023-05-03T00:20:45+00:00,168,32.00,62.79,3462.00,1452.00,3123.00,1436.00,0,1,,,,
2023-05-03T00:21:15+00:00,169,32.00,62.90,3455.00,1459.00,3123.00,1432.00,0,1,,,,
2023-05-03T00:21:44+00:00,170,31.96,62.88,3445.00,1462.00,3122.00,1429.00,0,1,,,,
2023-05-03T00:22:13+00:00,171,31.94,62.96,3385.00,1449.00,3115.00,1408.00,0,1,,,,
2023-05-03T00:22:42+00:00,172,31.98,62.84,3393.00,1445.00,3120.00,1414.00,0,1,,,,
2023-05-03T00:23:12+00:00,173,31.97,62.65,3391.00,1458.00,3115.00,1418.00,0,1,,,,
2023-05-03T00:24:17+00:00,174,32.00,62.86,3378.00,1456.00,3105.00,1416.00,0,1,,,,
2023-05-03T00:24:48+00:00,175,32.03,62.76,3383.00,1459.00,3110.00,1423.00,0,1,,,,
2023-05-03T00:25:17+00:00,176,32.04,62.78,3381.00,1468.00,3107.00,1443.00,0,1,,,,
2023-05-03T00:25:46+00:00,177,32.05,62.71,3387.00,1465.00,3105.00,1457.00,0,1,,,,
2023-05-03T00:26:15+00:00,178,32.06,62.74,3409.00,1476.00,3104.00,1473.00,0,1,,,,
2023-05-03T00:26:45+00:00,179,32.05,62.74,3395.00,1477.00,3110.00,1482.00,0,1,,,,
2023-05-03T00:27:14+00:00,180,32.03,62.77,3420.00,1478.00,3112.00,1485.00,0,1,,,,
2023-05-03T00:27:43+00:00,181,32.03,62.79,3397.00,1471.00,3110.00,1486.00,0,1,,,,
2023-05-03T00:28:13+00:00,182,31.97,62.86,3391.00,1471.00,3106.00,1478.00,0,1,,,,
2023-05-03T00:29:16+00:00,183,32.06,62.69,3401.00,1470.00,3105.00,1478.00,0,1,,,,
2023-05-03T00:29:45+00:00,184,32.01,62.76,3400.00,1469.00,3101.00,1473.00,0,1,,,,
2023-05-03T00:30:14+00:00,185,32.03,62.64,3390.00,1464.00,3099.00,1468.00,0,1,,,,
2023-05-03T00:30:44+00:00,186,32.03,62.64,3382.00,1461.00,3105.00,1466.00,0,1,,,,
2023-05-03T00:31:13+00:00,187,32.00,62.64,3383.00,1466.00,3101.00,1469.00,0,1,,,,
2023-05-03T00:31:42+00:00,188,31.97,62.67,3382.00,1461.00,3093.00,1467.00,0,1,,,,
2023-05-03T00:32:12+00:00,189,32.00,62.68,3354.00,1461.00,3092.00,1451.00,0,1,,,,
2023-05-03T00:32:41+00:00,190,31.99,62.64,3373.00,1458.00,3091.00,1457.00,0,1,,,,
2023-05-03T00:33:10+00:00,191,32.01,62.68,3375.00,1455.00,3089.00,1454.00,0,1,,,,
2023-05-03T00:33:39+00:00,192,32.01,62.68,3356.00,1456.00,3085.00,1455.00,0,1,,,,
2023-05-03T00:34:08+00:00,193,32.04,62.47,3366.00,1456.00,3086.00,1454.00,0,1,,,,
2023-05-03T00:34:37+00:00,194,32.01,62.44,3366.00,1451.00,3082.00,1446.00,0,1,,,,
2023-05-03T00:35:07+00:00,195,32.03,62.45,3351.00,1448.00,3081.00,1443.00,0,1,,,,
2023-05-03T00:35:35+00:00,196,32.00,62.57,3349.00,1448.00,3078.00,1440.00,0,1,,,,
2023-05-03T00:36:04+00:00,197,32.00,62.54,3367.00,1451.00,3080.00,1447.00,0,1,,,,
2023-05-03T00:36:34+00:00,198,31.97,62.58,3355.00,1454.00,3079.00,1443.00,0,1,,,,
2023-05-03T00:37:03+00:00,199,32.01,62.57,3348.00,1451.00,3078.00,1441.00,0,1,,,,
2023-05-03T00:37:32+00:00,200,32.01,62.48,3358.00,1448.00,3075.00,1437.00,0,1,,,,
2023-05-03T00:38:01+00:00,201,31.99,62.44,3361.00,1455.00,3071.00,1436.00,0,1,,,,
2023-05-03T00:38:30+00:00,202,32.00,62.59,3354.00,1451.00,3070.00,1440.00,0,1,,,,
2023-05-03T00:38:59+00:00,203,32.05,62.59,3317.00,1452.00,3061.00,1438.00,0,1,,,,
2023-05-03T00:39:28+00:00,204,32.03,62.50,3328.00,1454.00,3067.00,1436.00,0,1,,,,
2023-05-03T00:39:57+00:00,205,32.00,62.58,3339.00,1453.00,3064.00,1433.00,0,1,,,,
2023-05-03T00:40:26+00:00,206,31.99,62.56,3340.00,1455.00,3062.00,1432.00,0,1,,,,
2023-05-03T00:40:55+00:00,207,31.94,62.67,3324.00,1455.00,3059.00,1433.00,0,1,,,,
2023-05-03T00:41:24+00:00,208,31.95,62.72,3335.00,1450.00,3057.00,1433.00,0,1,,,,
2023-05-03T00:41:53+00:00,209,32.03,62.49,3319.00,1461.00,3061.00,1433.00,0,1,,,,
2023-05-03T00:42:23+00:00,210,32.03,62.50,3324.00,1461.00,3053.00,1430.00,0,1,,,,
2023-05-03T00:42:52+00:00,211,32.07,62.45,3326.00,1454.00,3048.00,1433.00,0,1,,,,
2023-05-03T00:43:21+00:00,212,32.04,62.52,3329.00,1461.00,3053.00,1431.00,0,1,,,,
2023-05-03T00:43:50+00:00,213,32.03,62.53,3310.00,1454.00,3049.00,1429.00,0,1,,,,
2023-05-03T00:44:19+00:00,214,32.03,62.56,3326.00,1462.00,3043.00,1429.00,0,1,,,,
2023-05-03T00:44:48+00:00,215,32.06,62.53,3317.00,1461.00,3043.00,1430.00,0,1,,,,
2023-05-03T00:45:18+00:00,216,32.07,62.51,3319.00,1461.00,3044.00,1432.00,0,1,,,,
2023-05-03T00:45:47+00:00,217,32.03,62.49,3336.00,1470.00,3046.00,1442.00,0,1,,,,
2023-05-03T00:46:16+00:00,218,32.09,62.43,3340.00,1471.00,3040.00,1448.00,0,1,,,,
2023-05-03T00:46:45+00:00,219,32.11,62.41,3344.00,1478.00,3039.00,1437.00,0,1,,,,
2023-05-03T00:47:48+00:00,220,32.09,62.48,3328.00,1472.00,3033.00,1442.00,0,1,,,,
2023-05-03T00:48:17+00:00,221,32.09,62.42,3333.00,1482.00,3026.00,1441.00,0,1,,,,
2023-05-03T00:48:46+00:00,222,32.07,62.35,3334.00,1496.00,3032.00,1443.00,0,1,,,,
2023-05-03T00:49:49+00:00,223,32.10,62.28,3343.00,1497.00,3022.00,1436.00,0,1,,,,
2023-05-03T00:50:18+00:00,224,32.06,62.34,3298.00,1397.00,3024.00,1434.00,0,1,,,,
2023-05-03T00:51:21+00:00,225,32.12,62.18,3332.00,1399.00,3016.00,1431.00,0,1,,,,
2023-05-03T00:51:50+00:00,226,32.11,62.17,3332.00,1400.00,3009.00,1426.00,0,1,,,,
2023-05-03T00:52:19+00:00,227,32.14,62.15,3332.00,1407.00,3009.00,1426.00,0,1,,,,
2023-05-03T00:52:48+00:00,228,32.09,62.16,3335.00,1409.00,3012.00,1426.00,0,1,,,,
2023-05-03T00:53:17+00:00,229,32.10,62.10,3333.00,1406.00,3002.00,1425.00,0,1,,,,
2023-05-03T00:53:46+00:00,230,32.10,62.07,3332.00,1410.00,3005.00,1424.00,0,1,,,,
2023-05-03T00:54:15+00:00,231,32.11,62.01,3332.00,1418.00,2998.00,1423.00,0,1,,,,
2023-05-03T00:55:18+00:00,232,32.17,61.87,3317.00,1432.00,3007.00,1448.00,0,1,,,,
2023-05-03T00:55:47+00:00,233,32.16,61.85,3329.00,1547.00,3003.00,1448.00,0,1,,,,
2023-05-03T00:56:50+00:00,234,32.17,61.99,3316.00,1512.00,2991.00,1460.00,0,1,,,,
2023-05-03T00:57:19+00:00,235,32.13,61.99,3321.00,1526.00,3004.00,1465.00,0,1,,,,
2023-05-03T00:57:48+00:00,236,32.17,61.88,3318.00,1405.00,2997.00,1463.00,0,1,,,,
2023-05-03T00:58:18+00:00,237,32.17,61.76,3309.00,1442.00,2986.00,1457.00,0,1,,,,
2023-05-03T00:58:47+00:00,238,32.10,61.88,3317.00,1451.00,3000.00,1461.00,0,1,,,,
2023-05-03T00:59:16+00:00,239,32.13,61.87,3321.00,1464.00,2993.00,1455.00,0,1,,,,
2023-05-03T00:59:45+00:00,240,32.11,61.96,3318.00,1459.00,2989.00,1457.00,0,1,,,,
2023-05-03T01:00:14+00:00,241,32.11,61.96,3313.00,1457.00,2997.00,1456.00,0,1,,,,
2023-05-03T01:00:43+00:00,242,32.13,61.92,3309.00,1461.00,2992.00,1459.00,0,1,,,,
2023-05-03T01:01:12+00:00,243,32.13,61.93,3303.00,1459.00,2993.00,1456.00,0,1,,,,
2023-05-03T01:01:41+00:00,244,32.16,61.84,3301.00,1455.00,2988.00,1455.00,0,1,,,,
2023-05-03T01:02:10+00:00,245,32.14,61.81,3299.00,1456.00,2985.00,1454.00,0,1,,,,
2023-05-03T01:02:40+00:00,246,32.09,61.89,3295.00,1455.00,2982.00,1449.00,0,1,,,,
2023-05-03T01:03:09+00:00,247,32.17,61.79,3288.00,1512.00,2987.00,1453.00,0,1,,,,
2023-05-03T01:04:56+00:00,248,32.08,62.00,3276.00,1530.00,2982.00,1446.00,0,1,,,,
2023-05-03T01:05:25+00:00,249,32.13,61.82,3285.00,1503.00,2976.00,1451.00,0,1,,,,
2023-05-03T01:05:54+00:00,250,32.11,61.83,3281.00,1506.00,2976.00,1448.00,0,1,,,,
2023-05-03T01:06:23+00:00,251,32.15,61.78,3263.00,1515.00,2971.00,1452.00,0,1,,,,
2023-05-03T01:06:52+00:00,252,32.14,61.75,3276.00,1438.00,2973.00,1452.00,0,1,,,,
2023-05-03T01:07:21+00:00,253,32.19,61.68,3276.00,1436.00,2971.00,1449.00,0,1,,,,
2023-05-03T01:07:51+00:00,254,32.17,61.62,3274.00,1418.00,2967.00,1449.00,0,1,,,,
2023-05-03T01:08:20+00:00,255,32.16,61.71,3277.00,1425.00,2968.00,1446.00,0,1,,,,
2023-05-03T01:08:49+00:00,256,32.16,61.73,3273.00,1402.00,2964.00,1451.00,0,1,,,,
2023-05-03T01:09:18+00:00,257,32.19,61.58,3270.00,1407.00,2965.00,1447.00,0,1,,,,
2023-05-03T01:09:47+00:00,258,32.17,61.73,3271.00,1396.00,2952.00,1442.00,0,1,,,,
2023-05-03T01:10:16+00:00,259,32.16,61.75,3271.00,1430.00,2962.00,1456.00,0,1,,,,
2023-05-03T01:11:19+00:00,260,32.13,61.82,3257.00,1634.00,2958.00,1457.00,0,1,,,,
2023-05-03T01:11:48+00:00,261,32.13,61.82,3266.00,1675.00,2960.00,1454.00,0,1,,,,
2023-05-03T01:12:17+00:00,262,32.12,61.67,3272.00,1667.00,2960.00,1458.00,0,1,,,,
2023-05-03T01:12:46+00:00,263,32.10,61.85,3272.00,1642.00,2957.00,1456.00,0,1,,,,
2023-05-03T01:13:15+00:00,264,32.08,61.85,3270.00,1638.00,2964.00,1456.00,0,1,,,,
2023-05-03T01:13:44+00:00,265,32.13,61.80,3288.00,1617.00,2960.00,1457.00,0,1,,,,
2023-05-03T01:14:13+00:00,266,32.19,61.65,3270.00,1616.00,2962.00,1458.00,0,1,,,,
2023-05-03T01:14:43+00:00,267,32.16,61.67,3253.00,1594.00,2962.00,1457.00,0,1,,,,
2023-05-03T01:15:12+00:00,268,32.16,61.69,3262.00,1588.00,2963.00,1457.00,0,1,,,,
2023-05-03T01:15:41+00:00,269,32.19,61.71,3263.00,1613.00,2964.00,1456.00,0,1,,,,
2023-05-03T01:16:11+00:00,270,32.21,61.64,3266.00,1613.00,2964.00,1454.00,0,1,,,,
2023-05-03T01:16:41+00:00,271,32.20,61.70,3252.00,1582.00,2958.00,1453.00,0,1,,,,
2023-05-03T01:17:11+00:00,272,32.22,61.63,3253.00,1599.00,2959.00,1456.00,0,1,,,,
2023-05-03T01:17:41+00:00,273,32.15,61.62,3244.00,1589.00,2954.00,1453.00,0,1,,,,
2023-05-03T01:18:11+00:00,274,32.18,61.59,3253.00,1572.00,2959.00,1455.00,0,1,,,,
2023-05-03T01:18:41+00:00,275,32.19,61.56,3251.00,1577.00,2958.00,1452.00,0,1,,,,
2023-05-03T01:19:10+00:00,276,32.19,61.56,3235.00,1559.00,2951.00,1452.00,0,1,,,,
2023-05-03T01:19:39+00:00,277,32.19,61.44,3249.00,1548.00,2949.00,1448.00,0,1,,,,
2023-05-03T01:20:09+00:00,278,32.18,61.44,3251.00,1555.00,2941.00,1450.00,0,1,,,,
2023-05-03T01:20:38+00:00,279,32.16,61.58,3237.00,1552.00,2935.00,1451.00,0,1,,,,
2023-05-03T01:21:07+00:00,280,32.15,61.70,3241.00,1559.00,2941.00,1447.00,0,1,,,,
2023-05-03T01:21:36+00:00,281,32.14,61.65,3254.00,1566.00,2939.00,1450.00,0,1,,,,
2023-05-03T01:22:06+00:00,282,32.12,61.52,3243.00,1567.00,2940.00,1451.00,0,1,,,,
2023-05-03T01:22:35+00:00,283,32.15,61.51,3265.00,1575.00,2941.00,1456.00,0,1,,,,
2023-05-03T01:23:04+00:00,284,32.14,61.56,3266.00,1566.00,2940.00,1443.00,0,1,,,,
2023-05-03T01:23:33+00:00,285,32.15,61.47,3234.00,1573.00,2930.00,1454.00,0,1,,,,
2023-05-03T01:24:02+00:00,286,32.14,61.50,3248.00,1563.00,2931.00,1451.00,0,1,,,,
2023-05-03T01:24:31+00:00,287,32.15,61.46,3245.00,1559.00,2925.00,1450.00,0,1,,,,
2023-05-03T01:25:00+00:00,288,32.16,61.45,3226.00,1553.00,2926.00,1447.00,0,1,,,,
2023-05-03T01:25:29+00:00,289,32.16,61.41,3236.00,1547.00,2927.00,1449.00,0,1,,,,
2023-05-03T01:25:58+00:00,290,32.14,61.46,3221.00,1545.00,2908.00,1445.00,0,1,,,,
2023-05-03T01:27:01+00:00,291,32.10,61.51,3230.00,1540.00,2916.00,1452.00,0,1,,,,
2023-05-03T01:27:30+00:00,292,32.11,61.54,3224.00,1510.00,2911.00,1449.00,0,1,,,,
2023-05-03T01:27:59+00:00,293,32.13,61.51,3222.00,1528.00,2908.00,1448.00,0,1,,,,
2023-05-03T01:28:28+00:00,294,32.12,61.49,3228.00,1534.00,2902.00,1452.00,0,1,,,,
2023-05-03T01:28:57+00:00,295,32.15,61.46,3225.00,1534.00,2899.00,1451.00,0,1,,,,
2023-05-03T01:29:26+00:00,296,32.15,61.41,3253.00,1543.00,2909.00,1455.00,0,1,,,,
2023-05-03T01:29:55+00:00,297,32.16,61.38,3258.00,1526.00,2908.00,1455.00,0,1,,,,
2023-05-03T01:30:24+00:00,298,32.16,61.47,3236.00,1529.00,2902.00,1462.00,0,1,,,,
2023-05-03T01:30:53+00:00,299,32.16,61.43,3253.00,1543.00,2899.00,1466.00,0,1,,,,
2023-05-03T01:31:23+00:00,300,32.14,61.42,3254.00,1541.00,2895.00,1463.00,0,1,,,,
2023-05-03T01:31:52+00:00,301,32.13,61.44,3236.00,1545.00,2892.00,1463.00,0,1,,,,
2023-05-03T01:32:21+00:00,302,32.12,61.53,3257.00,1546.00,2891.00,1467.00,0,1,,,,
2023-05-03T01:32:50+00:00,303,32.07,61.64,3245.00,1543.00,2889.00,1461.00,0,1,,,,
2023-05-03T01:33:19+00:00,304,32.10,61.57,3222.00,1545.00,2888.00,1460.00,0,1,,,,
2023-05-03T01:33:48+00:00,305,32.09,61.66,3239.00,1548.00,2881.00,1453.00,0,1,,,,
2023-05-03T01:34:17+00:00,306,32.09,61.56,3251.00,1553.00,2883.00,1461.00,0,1,,,,
2023-05-03T01:34:46+00:00,307,32.10,61.55,3226.00,1549.00,2884.00,1464.00,0,1,,,,
2023-05-03T01:35:15+00:00,308,32.10,61.50,3252.00,1564.00,2879.00,1468.00,0,1,,,,
2023-05-03T01:35:44+00:00,309,32.13,61.48,3248.00,1554.00,2884.00,1464.00,0,1,,,,
2023-05-03T01:36:13+00:00,310,32.12,61.38,3235.00,1547.00,2878.00,1464.00,0,1,,,,
2023-05-03T01:36:42+00:00,311,32.09,61.66,3239.00,1438.00,2882.00,1458.00,0,1,,,,
2023-05-03T01:37:11+00:00,312,32.07,61.64,3228.00,1441.00,2877.00,1463.00,0,1,,,,
2023-05-03T01:38:48+00:00,313,32.04,61.56,3225.00,1533.00,2876.00,1458.00,0,1,,,,
2023-05-03T01:39:17+00:00,314,32.07,61.60,3234.00,1512.00,2875.00,1468.00,0,1,,,,
2023-05-03T01:39:46+00:00,315,32.09,61.49,3225.00,1514.00,2873.00,1466.00,0,1,,,,
2023-05-03T01:40:16+00:00,316,32.14,61.40,3218.00,1552.00,2879.00,1464.00,0,1,,,,
2023-05-03T01:40:44+00:00,317,32.14,61.32,3207.00,1563.00,2876.00,1469.00,0,1,,,,
2023-05-03T01:41:13+00:00,318,32.14,61.33,3226.00,1540.00,2870.00,1467.00,0,1,,,,
2023-05-03T01:41:43+00:00,319,32.11,61.37,3214.00,1548.00,2865.00,1464.00,0,1,,,,
2023-05-03T01:42:12+00:00,320,32.08,61.51,3228.00,1568.00,2867.00,1464.00,0,1,,,,
2023-05-03T01:42:40+00:00,321,32.13,61.38,3234.00,1574.00,2868.00,1465.00,0,1,,,,
2023-05-03T01:43:10+00:00,322,32.15,61.25,3213.00,1559.00,2868.00,1466.00,0,1,,,,
2023-05-03T01:43:38+00:00,323,32.08,61.41,3198.00,1570.00,2866.00,1466.00,0,1,,,,
2023-05-03T01:44:07+00:00,324,32.11,61.45,3206.00,1456.00,2846.00,1463.00,0,1,,,,
2023-05-03T01:44:37+00:00,325,32.13,61.44,3212.00,1496.00,2861.00,1463.00,0,1,,,,
2023-05-03T01:45:40+00:00,326,32.17,61.19,3192.00,1579.00,2860.00,1465.00,0,1,,,,
2023-05-03T01:46:09+00:00,327,32.16,61.28,3213.00,1588.00,2860.00,1464.00,0,1,,,,
2023-05-03T01:46:38+00:00,328,32.16,61.25,3234.00,1571.00,2841.00,1461.00,0,1,,,,
2023-05-03T01:47:07+00:00,329,32.20,61.10,3221.00,1595.00,2863.00,1465.00,0,1,,,,
2023-05-03T01:47:36+00:00,330,32.19,61.10,3240.00,1588.00,2861.00,1466.00,0,1,,,,
2023-05-03T01:48:05+00:00,331,32.19,61.13,3239.00,1593.00,2859.00,1464.00,0,1,,,,
2023-05-03T01:48:34+00:00,332,32.15,61.15,3228.00,1591.00,2856.00,1464.00,0,1,,,,
2023-05-03T01:49:03+00:00,333,32.13,61.29,3266.00,1586.00,2834.00,1461.00,0,1,,,,
2023-05-03T01:49:33+00:00,334,32.13,61.40,3279.00,1464.00,2854.00,1463.00,0,1,,,,
2023-05-03T01:50:02+00:00,335,32.09,61.36,3243.00,1563.00,2851.00,1463.00,0,1,,,,
2023-05-03T01:50:31+00:00,336,32.10,61.40,3243.00,1559.00,2852.00,1465.00,0,1,,,,
2023-05-03T01:51:00+00:00,337,32.15,61.29,3204.00,1559.00,2853.00,1464.00,0,1,,,,
2023-05-03T01:51:29+00:00,338,32.13,61.25,3212.00,1553.00,2851.00,1464.00,0,1,,,,
2023-05-03T01:51:58+00:00,339,32.12,61.32,3215.00,1551.00,2845.00,1465.00,0,1,,,,
2023-05-03T01:52:28+00:00,340,32.13,61.33,3205.00,1543.00,2844.00,1465.00,0,1,,,,
2023-05-03T01:52:57+00:00,341,32.14,61.27,3191.00,1518.00,2843.00,1463.00,0,1,,,,
2023-05-03T01:53:26+00:00,342,32.14,61.28,3223.00,1528.00,2843.00,1463.00,0,1,,,,
2023-05-03T01:53:55+00:00,343,32.13,61.27,3222.00,1534.00,2844.00,1471.00,0,1,,,,
2023-05-03T01:54:24+00:00,344,32.14,61.24,3202.00,1540.00,2843.00,1464.00,0,1,,,,
2023-05-03T01:54:53+00:00,345,32.12,61.31,3210.00,1534.00,2846.00,1465.00,0,1,,,,
2023-05-03T01:55:22+00:00,346,32.09,61.36,3198.00,1539.00,2846.00,1461.00,0,1,,,,
2023-05-03T01:55:51+00:00,347,32.12,61.39,3205.00,1548.00,2843.00,1461.00,0,1,,,,
2023-05-03T01:56:20+00:00,348,32.14,61.24,3204.00,1546.00,2839.00,1463.00,0,1,,,,
2023-05-03T01:56:49+00:00,349,32.12,61.27,3202.00,1548.00,2834.00,1463.00,0,1,,,,
2023-05-03T01:57:19+00:00,350,32.11,61.35,3173.00,1545.00,2838.00,1457.00,0,1,,,,
2023-05-03T01:57:48+00:00,351,32.12,61.30,3184.00,1549.00,2836.00,1460.00,0,1,,,,
2023-05-03T01:58:17+00:00,352,32.15,61.17,3181.00,1546.00,2834.00,1463.00,0,1,,,,
2023-05-03T01:58:46+00:00,353,32.14,61.19,3179.00,1525.00,2841.00,1462.00,0,1,,,,
2023-05-03T01:59:15+00:00,354,32.08,61.28,3173.00,1524.00,2837.00,1461.00,0,1,,,,
2023-05-03T01:59:44+00:00,355,32.14,61.23,3172.00,1535.00,2838.00,1466.00,0,1,,,,
2023-05-03T02:00:13+00:00,356,32.15,61.15,3176.00,1542.00,2835.00,1464.00,0,1,,,,
2023-05-03T02:00:42+00:00,357,32.17,61.09,3161.00,1535.00,2839.00,1468.00,0,1,,,,
2023-05-03T02:01:11+00:00,358,32.21,60.96,3172.00,1530.00,2835.00,1466.00,0,1,,,,
2023-05-03T02:02:14+00:00,359,32.18,61.06,3185.00,1539.00,2836.00,1466.00,0,1,,,,
2023-05-03T02:02:43+00:00,360,32.17,61.04,3192.00,1544.00,2835.00,1465.00,0,1,,,,
2023-05-03T02:03:13+00:00,361,32.20,60.99,3189.00,1544.00,2835.00,1466.00,0,1,,,,
2023-05-03T02:03:42+00:00,362,32.19,61.12,3191.00,1535.00,2819.00,1458.00,0,1,,,,
2023-05-03T02:04:11+00:00,363,32.14,61.24,3188.00,1530.00,2831.00,1467.00,0,1,,,,
2023-05-03T02:04:40+00:00,364,32.13,61.17,3205.00,1422.00,2824.00,1467.00,0,1,,,,
2023-05-03T02:05:09+00:00,365,32.14,61.17,3213.00,1521.00,2827.00,1470.00,0,1,,,,
2023-05-03T02:05:38+00:00,366,32.16,61.16,3221.00,1524.00,2830.00,1474.00,0,1,,,,
2023-05-03T02:06:07+00:00,367,32.16,61.14,3224.00,1524.00,2830.00,1472.00,0,1,,,,
2023-05-03T02:06:36+00:00,368,32.15,61.10,3234.00,1533.00,2828.00,1469.00,0,1,,,,
2023-05-03T02:07:39+00:00,369,32.14,61.21,3314.00,1529.00,2830.00,1472.00,0,1,,,,
2023-05-03T02:08:09+00:00,370,32.16,61.18,3288.00,1528.00,2825.00,1473.00,0,1,,,,
2023-05-03T02:08:38+00:00,371,32.15,61.08,3256.00,1537.00,2822.00,1478.00,0,1,,,,
2023-05-03T02:09:07+00:00,372,32.15,61.11,3181.00,1539.00,2825.00,1478.00,0,1,,,,
2023-05-03T02:09:36+00:00,373,32.15,61.07,3260.00,1529.00,2822.00,1478.00,0,1,,,,
2023-05-03T02:10:05+00:00,374,32.17,61.09,3198.00,1531.00,2819.00,1475.00,0,1,,,,
2023-05-03T02:10:34+00:00,375,32.15,61.09,3208.00,1533.00,2822.00,1476.00,0,1,,,,
2023-05-03T02:11:03+00:00,376,32.18,61.04,3186.00,1535.00,2816.00,1477.00,0,1,,,,
2023-05-03T02:12:06+00:00,377,32.18,61.04,3232.00,1541.00,2815.00,1478.00,0,1,,,,
2023-05-03T02:12:35+00:00,378,32.15,61.09,3259.00,1535.00,2813.00,1479.00,0,1,,,,
2023-05-03T02:13:04+00:00,379,32.17,61.05,3334.00,1537.00,2816.00,1484.00,0,1,,,,
2023-05-03T02:13:33+00:00,380,32.15,61.13,3373.00,1538.00,2814.00,1487.00,0,1,,,,
2023-05-03T02:14:02+00:00,381,32.12,61.21,3384.00,1445.00,2815.00,1480.00,0,1,,,,
2023-05-03T02:14:31+00:00,382,32.14,61.19,3373.00,1464.00,2816.00,1490.00,0,1,,,,
2023-05-03T02:15:01+00:00,383,32.20,61.16,3437.00,1507.00,2814.00,1500.00,0,1,,,,
2023-05-03T02:15:31+00:00,384,32.21,61.10,3368.00,1550.00,2812.00,1502.00,0,1,,,,
2023-05-03T02:16:01+00:00,385,32.21,61.12,3348.00,1563.00,2815.00,1507.00,0,1,,,,
2023-05-03T02:16:31+00:00,386,32.22,61.12,3349.00,1565.00,2816.00,1508.00,0,1,,,,
2023-05-03T02:17:02+00:00,387,32.21,61.14,3335.00,1566.00,2816.00,1516.00,0,1,,,,
2023-05-03T02:17:32+00:00,388,32.22,61.11,3363.00,1565.00,2809.00,1516.00,0,1,,,,
2023-05-03T02:18:02+00:00,389,32.14,61.17,3402.00,1558.00,2798.00,1515.00,0,1,,,,
2023-05-03T02:18:31+00:00,390,32.16,61.13,3418.00,1563.00,2798.00,1510.00,0,1,,,,
2023-05-03T02:19:00+00:00,391,32.15,61.03,3563.00,1577.00,2795.00,1508.00,0,1,,,,
2023-05-03T02:19:29+00:00,392,32.19,60.92,3393.00,1573.00,2793.00,1500.00,0,1,,,,
2023-05-03T02:19:58+00:00,393,32.20,60.87,3423.00,1574.00,2789.00,1506.00,0,1,,,,
2023-05-03T02:20:27+00:00,394,32.09,61.15,3421.00,1551.00,2787.00,1503.00,0,1,,,,
2023-05-03T02:20:56+00:00,395,32.15,61.08,3424.00,1542.00,2787.00,1500.00,0,1,,,,
2023-05-03T02:21:26+00:00,396,32.15,61.04,3453.00,1553.00,2783.00,1499.00,0,1,,,,
2023-05-03T02:21:55+00:00,397,32.16,60.96,3448.00,1528.00,2779.00,1499.00,0,1,,,,
2023-05-03T02:22:23+00:00,398,32.20,60.81,3459.00,1518.00,2778.00,1498.00,0,1,,,,
2023-05-03T02:22:53+00:00,399,32.23,60.71,3430.00,1518.00,2775.00,1494.00,0,1,,,,
2023-05-03T02:23:22+00:00,400,32.18,60.78,3487.00,1516.00,2777.00,1499.00,0,1,,,,
2023-05-03T02:23:51+00:00,401,32.16,60.86,3463.00,1489.00,2775.00,1500.00,0,1,,,,
2023-05-03T02:24:20+00:00,402,32.23,60.72,3604.00,1479.00,2772.00,1497.00,0,1,,,,
2023-05-03T02:24:49+00:00,403,32.22,60.77,3559.00,1509.00,2775.00,1501.00,0,1,,,,
2023-05-03T02:25:18+00:00,404,32.13,60.89,3541.00,1508.00,2771.00,1499.00,0,1,,,,
2023-05-03T02:25:47+00:00,405,32.20,60.86,3548.00,1372.00,2769.00,1499.00,0,1,,,,
2023-05-03T02:26:50+00:00,406,32.20,60.93,3405.00,1407.00,2760.00,1504.00,0,1,,,,
2023-05-03T02:27:19+00:00,407,32.21,60.90,3448.00,1455.00,2757.00,1505.00,0,1,,,,
2023-05-03T02:27:48+00:00,408,32.15,60.92,3387.00,1488.00,2762.00,1508.00,0,1,,,,
2023-05-03T02:28:18+00:00,409,32.20,60.91,3434.00,1486.00,2759.00,1507.00,0,1,,,,
2023-05-03T02:28:47+00:00,410,32.18,60.92,3365.00,1499.00,2758.00,1496.00,0,1,,,,
2023-05-03T02:29:16+00:00,411,32.21,60.88,3437.00,1505.00,2766.00,1510.00,0,1,,,,
2023-05-03T02:29:45+00:00,412,32.21,60.86,3482.00,1512.00,2761.00,1505.00,0,1,,,,
2023-05-03T02:30:48+00:00,413,32.25,60.61,3479.00,1518.00,2754.00,1494.00,0,1,,,,
2023-05-03T02:31:17+00:00,414,32.22,60.72,3469.00,1531.00,2763.00,1500.00,0,1,,,,
2023-05-03T02:31:46+00:00,415,32.18,60.79,3440.00,1528.00,2759.00,1506.00,0,1,,,,
2023-05-03T02:32:15+00:00,416,32.15,60.89,3443.00,1510.00,2766.00,1506.00,0,1,,,,
2023-05-03T02:32:44+00:00,417,32.15,60.85,3370.00,1494.00,2761.00,1501.00,0,1,,,,
2023-05-03T02:33:13+00:00,418,32.24,60.76,3400.00,1483.00,2762.00,1512.00,0,1,,,,
2023-05-03T02:33:43+00:00,419,32.26,60.70,3336.00,1493.00,2759.00,1504.00,0,1,,,,
2023-05-03T02:34:12+00:00,420,32.23,60.72,3348.00,1501.00,2762.00,1505.00,0,1,,,,
2023-05-03T02:34:41+00:00,421,32.19,60.67,3340.00,1443.00,2760.00,1502.00,0,1,,,,
2023-05-03T02:36:18+00:00,422,32.26,60.60,3384.00,1507.00,2755.00,1506.00,0,1,,,,
2023-05-03T02:36:48+00:00,423,32.16,60.89,3400.00,1517.00,2755.00,1505.00,0,1,,,,
2023-05-03T02:37:53+00:00,424,32.27,60.76,3433.00,1520.00,2757.00,1508.00,0,1,,,,
2023-05-03T02:38:23+00:00,425,32.24,60.95,3395.00,1508.00,2757.00,1510.00,0,1,,,,
2023-05-03T02:38:52+00:00,426,32.26,60.79,3396.00,1450.00,2763.00,1514.00,0,1,,,,
2023-05-03T02:39:21+00:00,427,32.28,60.84,3445.00,1416.00,2756.00,1520.00,0,1,,,,
2023-05-03T02:39:50+00:00,428,32.23,61.00,3429.00,1374.00,2760.00,1522.00,0,1,,,,
2023-05-03T02:40:19+00:00,429,32.22,60.95,3403.00,1392.00,2759.00,1523.00,0,1,,,,
2023-05-03T02:40:48+00:00,430,32.23,60.91,3403.00,1393.00,2757.00,1523.00,0,1,,,,
2023-05-03T02:41:17+00:00,431,32.26,60.68,3414.00,1387.00,2753.00,1519.00,0,1,,,,
2023-05-03T02:41:46+00:00,432,32.31,60.57,3423.00,1388.00,2756.00,1525.00,0,1,,,,
2023-05-03T02:42:15+00:00,433,32.26,60.63,3402.00,1411.00,2756.00,1528.00,0,1,,,,
2023-05-03T02:43:18+00:00,434,32.28,60.84,3396.00,1417.00,2759.00,1539.00,0,1,,,,
2023-05-03T02:43:47+00:00,435,32.31,60.73,3400.00,1430.00,2756.00,1534.00,0,1,,,,
2023-05-03T02:44:16+00:00,436,32.27,60.86,3395.00,1440.00,2758.00,1533.00,0,1,,,,
2023-05-03T02:44:45+00:00,437,32.23,60.99,3326.00,1433.00,2758.00,1535.00,0,1,,,,
2023-05-03T02:45:14+00:00,438,32.24,61.05,3380.00,1460.00,2757.00,1536.00,0,1,,,,
2023-05-03T02:45:43+00:00,439,32.27,60.87,3394.00,1465.00,2756.00,1537.00,0,1,,,,
2023-05-03T02:46:12+00:00,440,32.32,60.66,3337.00,1469.00,2750.00,1532.00,0,1,,,,
2023-05-03T02:46:42+00:00,441,32.28,60.58,3381.00,1502.00,2744.00,1529.00,0,1,,,,
2023-05-03T02:47:11+00:00,442,32.38,60.46,3332.00,1473.00,2748.00,1529.00,0,1,,,,
2023-05-03T02:47:40+00:00,443,32.29,60.67,3311.00,1502.00,2745.00,1532.00,0,1,,,,
2023-05-03T02:48:09+00:00,444,32.36,60.52,3334.00,1505.00,2753.00,1529.00,0,1,,,,
2023-05-03T02:48:38+00:00,445,32.41,60.52,3377.00,1512.00,2749.00,1533.00,0,1,,,,
2023-05-03T02:49:07+00:00,446,32.45,60.47,3362.00,1509.00,2748.00,1532.00,0,1,,,,
2023-05-03T02:49:36+00:00,447,32.40,60.49,3329.00,1504.00,2750.00,1533.00,0,1,,,,
2023-05-03T02:50:08+00:00,448,32.45,60.48,3348.00,1506.00,2750.00,1533.00,0,1,,,,
2023-05-03T02:50:38+00:00,449,32.45,60.39,3372.00,1512.00,2751.00,1532.00,0,1,,,,
2023-05-03T02:51:41+00:00,450,32.32,60.69,3280.00,1506.00,2746.00,1528.00,0,1,,,,
2023-05-03T02:52:10+00:00,451,32.30,60.73,3298.00,1496.00,2746.00,1527.00,0,1,,,,
2023-05-03T02:52:39+00:00,452,32.42,60.39,3241.00,1507.00,2750.00,1525.00,0,1,,,,
2023-05-03T02:53:08+00:00,453,32.50,60.22,3263.00,1509.00,2743.00,1525.00,0,1,,,,
2023-05-03T02:54:11+00:00,454,32.42,60.14,3234.00,1507.00,2745.00,1523.00,0,1,,,,
2023-05-03T02:54:41+00:00,455,32.39,60.29,3317.00,1508.00,2745.00,1527.00,0,1,,,,
2023-05-03T02:55:10+00:00,456,32.40,60.35,3307.00,1510.00,2746.00,1522.00,0,1,,,,
2023-05-03T02:55:39+00:00,457,32.38,60.37,3303.00,1501.00,2741.00,1520.00,0,1,,,,
2023-05-03T02:56:08+00:00,458,32.39,60.22,3298.00,1486.00,2748.00,1519.00,0,1,,,,
2023-05-03T02:56:37+00:00,459,32.44,60.21,3303.00,1435.00,2742.00,1518.00,0,1,,,,
2023-05-03T02:57:06+00:00,460,32.43,60.46,3295.00,1444.00,2745.00,1514.00,0,1,,,,
2023-05-03T02:57:35+00:00,461,32.48,60.22,3303.00,1455.00,2743.00,1516.00,0,1,,,,
2023-05-03T02:58:04+00:00,462,32.46,60.23,3354.00,1464.00,2741.00,1518.00,0,1,,,,
2023-05-03T02:58:37+00:00,463,32.49,60.08,3336.00,1467.00,2744.00,1519.00,0,1,,,,
2023-05-03T02:59:06+00:00,464,32.50,60.05,3309.00,1478.00,2744.00,1520.00,0,1,,,,
2023-05-03T02:59:35+00:00,465,32.50,60.05,3309.00,1486.00,2739.00,1518.00,0,1,,,,
2023-05-03T03:00:04+00:00,466,32.49,60.07,3285.00,1494.00,2742.00,1524.00,0,1,,,,
2023-05-03T03:00:33+00:00,467,32.50,60.09,3286.00,1494.00,2740.00,1520.00,0,1,,,,
2023-05-03T03:01:02+00:00,468,32.45,60.20,3302.00,1496.00,2740.00,1519.00,0,1,,,,
2023-05-03T03:01:34+00:00,469,32.48,60.24,3303.00,1499.00,2737.00,1518.00,0,1,,,,
2023-05-03T03:02:03+00:00,470,32.46,60.22,3269.00,1490.00,2745.00,1514.00,0,1,,,,
2023-05-03T03:02:32+00:00,471,32.45,60.24,3272.00,1498.00,2745.00,1517.00,0,1,,,,
2023-05-03T03:03:01+00:00,472,32.47,60.14,3289.00,1497.00,2737.00,1519.00,0,1,,,,
2023-05-03T03:03:31+00:00,473,32.46,60.20,3309.00,1501.00,2734.00,1511.00,0,1,,,,
2023-05-03T03:04:29+00:00,474,32.43,60.23,3263.00,1490.00,2745.00,1516.00,0,1,,,,
2023-05-03T03:05:28+00:00,475,32.43,59.86,3306.00,1469.00,2737.00,1517.00,0,1,,,,
2023-05-03T03:05:57+00:00,476,32.45,59.99,3342.00,1472.00,2731.00,1522.00,0,1,,,,
2023-05-03T03:06:27+00:00,477,32.44,60.46,3308.00,1458.00,2731.00,1517.00,0,1,,,,
2023-05-03T03:06:56+00:00,478,32.38,60.64,3281.00,1464.00,2731.00,1521.00,0,1,,,,
2023-05-03T03:07:55+00:00,479,32.41,60.54,3273.00,1464.00,2730.00,1570.00,0,1,,,,
2023-05-03T03:08:24+00:00,480,32.43,60.43,3261.00,1473.00,2726.00,1570.00,0,1,,,,
2023-05-03T03:08:53+00:00,481,32.41,60.52,3283.00,1475.00,2726.00,1568.00,0,1,,,,
2023-05-03T03:09:22+00:00,482,32.39,60.66,3280.00,1473.00,2728.00,1575.00,0,1,,,,
2023-05-03T03:09:51+00:00,483,32.38,60.69,3294.00,1482.00,2722.00,1570.00,0,1,,,,
2023-05-03T03:10:54+00:00,484,32.32,60.75,3263.00,1485.00,2725.00,1582.00,0,1,,,,
2023-05-03T03:11:23+00:00,485,32.22,60.88,3258.00,1486.00,2731.00,1585.00,0,1,,,,
2023-05-03T03:11:52+00:00,486,32.31,60.67,3275.00,1484.00,2726.00,1585.00,0,1,,,,
2023-05-03T03:12:21+00:00,487,32.31,60.46,3214.00,1489.00,2727.00,1587.00,0,1,,,,
2023-05-03T03:12:50+00:00,488,32.32,60.39,3232.00,1468.00,2726.00,1589.00,0,1,,,,
2023-05-03T03:13:19+00:00,489,32.38,60.26,3183.00,1467.00,2723.00,1593.00,0,1,,,,
2023-05-03T03:13:49+00:00,490,32.39,60.28,3260.00,1424.00,2733.00,1600.00,0,1,,,,
2023-05-03T03:14:18+00:00,491,32.34,60.36,3261.00,1453.00,2725.00,1596.00,0,1,,,,
2023-05-03T03:14:47+00:00,492,32.31,60.49,3285.00,1452.00,2725.00,1597.00,0,1,,,,
2023-05-03T03:15:17+00:00,493,32.33,60.42,3210.00,1452.00,2728.00,1598.00,0,1,,,,
2023-05-03T03:15:47+00:00,494,32.32,60.43,3227.00,1462.00,2724.00,1597.00,0,1,,,,
2023-05-03T03:16:17+00:00,495,32.30,60.43,3225.00,1466.00,2720.00,1602.00,0,1,,,,
2023-05-03T03:16:47+00:00,496,32.30,60.35,3230.00,1473.00,2722.00,1603.00,0,1,,,,
2023-05-03T03:17:17+00:00,497,32.30,60.40,3220.00,1475.00,2718.00,1596.00,0,1,,,,
2023-05-03T03:17:47+00:00,498,32.33,60.37,3304.00,1458.00,2720.00,1595.00,0,1,,,,
2023-05-03T03:18:17+00:00,499,32.29,60.41,3324.00,1446.00,2716.00,1598.00,0,1,,,,
2023-05-03T03:18:47+00:00,500,32.32,60.20,3343.00,1449.00,2716.00,1600.00,0,1,,,,
2023-05-03T03:19:17+00:00,501,32.36,60.06,3275.00,1388.00,2710.00,1596.00,0,1,,,,
2023-05-03T03:19:47+00:00,502,32.37,59.98,3382.00,1442.00,2716.00,1599.00,0,1,,,,
2023-05-03T03:20:17+00:00,503,32.34,60.00,3346.00,1432.00,2706.00,1595.00,0,1,,,,
2023-05-03T03:20:47+00:00,504,32.34,60.00,3369.00,1440.00,2709.00,1596.00,0,1,,,,
2023-05-03T03:21:18+00:00,505,32.32,60.18,3349.00,1442.00,2708.00,1598.00,0,1,,,,
2023-05-03T03:21:48+00:00,506,32.26,60.39,3374.00,1443.00,2705.00,1592.00,0,1,,,,
2023-05-03T03:22:52+00:00,507,32.32,60.20,3631.00,1434.00,2702.00,1594.00,0,1,,,,
2023-05-03T03:23:21+00:00,508,32.34,60.14,3449.00,1310.00,2701.00,1588.00,0,1,,,,
2023-05-03T03:23:51+00:00,509,32.35,60.05,3486.00,1309.00,2698.00,1600.00,0,1,,,,
2023-05-03T03:24:21+00:00,510,32.31,60.26,3537.00,1315.00,2700.00,1600.00,0,1,,,,
2023-05-03T03:24:51+00:00,511,32.31,60.21,3381.00,1315.00,2699.00,1605.00,0,1,,,,
2023-05-03T03:25:20+00:00,512,32.35,60.23,3384.00,1314.00,2698.00,1602.00,0,1,,,,
2023-05-03T03:25:49+00:00,513,32.34,60.24,3349.00,1322.00,2695.00,1607.00,0,1,,,,
2023-05-03T03:26:18+00:00,514,32.28,60.43,3440.00,1324.00,2693.00,1609.00,0,1,,,,
2023-05-03T03:26:48+00:00,515,32.23,60.54,3378.00,1328.00,2696.00,1608.00,0,1,,,,
2023-05-03T03:27:17+00:00,516,32.22,60.49,3381.00,1332.00,2696.00,1606.00,0,1,,,,
2023-05-03T03:27:46+00:00,517,32.30,60.35,3357.00,1337.00,2696.00,1608.00,0,1,,,,
2023-05-03T03:28:16+00:00,518,32.29,60.50,3352.00,1323.00,2700.00,1610.00,0,1,,,,
2023-05-03T03:28:45+00:00,519,32.32,60.46,3339.00,1327.00,2697.00,1607.00,0,1,,,,
2023-05-03T03:29:14+00:00,520,32.34,60.47,3325.00,1329.00,2699.00,1609.00,0,1,,,,
2023-05-03T03:29:43+00:00,521,32.23,60.76,3324.00,1331.00,2696.00,1611.00,0,1,,,,
2023-05-03T03:30:13+00:00,522,32.23,60.84,3325.00,1336.00,2689.00,1616.00,0,1,,,,
2023-05-03T03:30:42+00:00,523,32.22,60.56,3355.00,1333.00,2689.00,1612.00,0,1,,,,
2023-05-03T03:31:11+00:00,524,32.31,60.38,3384.00,1336.00,2690.00,1614.00,0,1,,,,
2023-05-03T03:31:40+00:00,525,32.30,60.48,3382.00,1337.00,2690.00,1612.00,0,1,,,,
2023-05-03T03:32:09+00:00,526,32.27,60.66,3392.00,1337.00,2689.00,1612.00,0,1,,,,
2023-05-03T03:32:38+00:00,527,32.28,60.68,3421.00,1339.00,2688.00,1611.00,0,1,,,,
2023-05-03T03:33:07+00:00,528,32.30,60.56,3323.00,1336.00,2684.00,1607.00,0,1,,,,
2023-05-03T03:33:37+00:00,529,32.31,60.63,3403.00,1338.00,2688.00,1611.00,0,1,,,,
2023-05-03T03:34:06+00:00,530,32.37,60.48,3378.00,1341.00,2686.00,1608.00,0,1,,,,
2023-05-03T03:34:35+00:00,531,32.41,60.33,3382.00,1342.00,2689.00,1607.00,0,1,,,,
2023-05-03T03:35:04+00:00,532,32.34,60.43,3337.00,1344.00,2687.00,1605.00,0,1,,,,
2023-05-03T03:35:33+00:00,533,32.25,60.62,3395.00,1344.00,2683.00,1604.00,0,1,,,,
2023-05-03T03:36:03+00:00,534,32.28,60.66,3391.00,1345.00,2682.00,1604.00,0,1,,,,
2023-05-03T03:36:32+00:00,535,32.26,60.71,3353.00,1347.00,2681.00,1608.00,0,1,,,,
2023-05-03T03:37:01+00:00,536,32.32,60.58,3388.00,1352.00,2686.00,1603.00,0,1,,,,
2023-05-03T03:37:30+00:00,537,32.27,60.71,3316.00,1353.00,2682.00,1604.00,0,1,,,,
2023-05-03T03:37:59+00:00,538,32.25,60.78,3381.00,1353.00,2682.00,1607.00,0,1,,,,
2023-05-03T03:38:29+00:00,539,32.22,60.89,3405.00,1358.00,2683.00,1607.00,0,1,,,,
2023-05-03T03:38:58+00:00,540,32.26,60.84,3456.00,1364.00,2666.00,1605.00,0,1,,,,
2023-05-03T03:39:27+00:00,541,32.26,60.62,3465.00,1358.00,2679.00,1607.00,0,1,,,,
2023-05-03T03:40:30+00:00,542,32.39,60.42,3442.00,1362.00,2682.00,1601.00,0,1,,,,
2023-05-03T03:40:59+00:00,543,32.39,60.34,3457.00,1356.00,2676.00,1604.00,0,1,,,,
2023-05-03T03:41:28+00:00,544,32.39,60.30,3455.00,1365.00,2680.00,1600.00,0,1,,,,
2023-05-03T03:41:57+00:00,545,32.41,60.41,3432.00,1361.00,2678.00,1602.00,0,1,,,,
2023-05-03T03:42:26+00:00,546,32.42,60.35,3443.00,1368.00,2680.00,1603.00,0,1,,,,
2023-05-03T03:42:56+00:00,547,32.37,60.43,3455.00,1373.00,2680.00,1599.00,0,1,,,,
2023-05-03T03:43:25+00:00,548,32.44,60.29,3462.00,1368.00,2679.00,1601.00,0,1,,,,
2023-05-03T03:43:54+00:00,549,32.40,60.34,3401.00,1368.00,2677.00,1601.00,0,1,,,,
2023-05-03T03:44:23+00:00,550,32.35,60.52,3481.00,1370.00,2679.00,1610.00,0,1,,,,
2023-05-03T03:44:52+00:00,551,32.42,60.43,3488.00,1374.00,2683.00,1603.00,0,1,,,,
2023-05-03T03:45:21+00:00,552,32.44,60.38,3491.00,1376.00,2677.00,1606.00,0,1,,,,
2023-05-03T03:45:50+00:00,553,32.33,60.56,3497.00,1369.00,2674.00,1607.00,0,1,,,,
2023-05-03T03:46:20+00:00,554,32.41,60.45,3500.00,1369.00,2672.00,1606.00,0,1,,,,
2023-05-03T03:46:49+00:00,555,32.44,60.32,3489.00,1369.00,2680.00,1608.00,0,1,,,,
2023-05-03T03:47:18+00:00,556,32.48,60.20,3466.00,1377.00,2674.00,1612.00,0,1,,,,
2023-05-03T03:47:47+00:00,557,32.47,60.20,3495.00,1368.00,2676.00,1609.00,0,1,,,,
2023-05-03T03:48:16+00:00,558,32.47,60.17,3421.00,1367.00,2673.00,1608.00,0,1,,,,
2023-05-03T03:48:45+00:00,559,32.48,60.09,3426.00,1370.00,2677.00,1608.00,0,1,,,,
2023-05-03T03:49:15+00:00,560,32.49,59.91,3454.00,1373.00,2675.00,1607.00,0,1,,,,
2023-05-03T03:49:45+00:00,561,32.50,59.89,3486.00,1372.00,2672.00,1610.00,0,1,,,,
2023-05-03T03:50:15+00:00,562,32.40,60.29,3482.00,1372.00,2678.00,1614.00,0,1,,,,
2023-05-03T03:51:21+00:00,563,32.47,60.13,3486.00,1368.00,2659.00,1619.00,0,1,,,,
2023-05-03T03:51:51+00:00,564,32.43,60.14,3331.00,1375.00,2668.00,1625.00,0,1,,,,
2023-05-03T03:52:21+00:00,565,32.38,60.32,3502.00,1377.00,2675.00,1627.00,0,1,,,,
2023-05-03T03:52:51+00:00,566,32.46,60.24,3492.00,1378.00,2672.00,1623.00,0,1,,,,
2023-05-03T03:53:21+00:00,567,32.43,60.36,3463.00,1380.00,2669.00,1631.00,0,1,,,,
2023-05-03T03:54:25+00:00,568,32.46,60.00,3546.00,1381.00,2663.00,1621.00,0,1,,,,
2023-05-03T03:54:54+00:00,569,32.39,60.04,3464.00,1383.00,2667.00,1627.00,0,1,,,,
2023-05-03T03:55:23+00:00,570,32.42,59.99,3409.00,1381.00,2670.00,1624.00,0,1,,,,
2023-05-03T03:55:52+00:00,571,32.37,60.11,3557.00,1376.00,2669.00,1624.00,0,1,,,,
2023-05-03T03:56:22+00:00,572,32.41,60.08,3474.00,1373.00,2663.00,1624.00,0,1,,,,
2023-05-03T03:56:51+00:00,573,32.42,60.12,3531.00,1383.00,2669.00,1635.00,0,1,,,,
2023-05-03T03:57:20+00:00,574,32.43,60.16,3555.00,1383.00,2669.00,1634.00,0,1,,,,
2023-05-03T03:57:49+00:00,575,32.44,60.17,3505.00,1380.00,2663.00,1634.00,0,1,,,,
2023-05-03T03:58:18+00:00,576,32.35,60.40,3487.00,1383.00,2661.00,1635.00,0,1,,,,
2023-05-03T03:58:47+00:00,577,32.38,60.38,3680.00,1385.00,2658.00,1634.00,0,1,,,,
2023-05-03T03:59:17+00:00,578,32.35,59.97,3456.00,1382.00,2661.00,1637.00,0,1,,,,
2023-05-03T03:59:46+00:00,579,32.35,60.09,3610.00,1387.00,2660.00,1639.00,0,1,,,,
2023-05-03T04:00:15+00:00,580,32.41,60.07,3481.00,1384.00,2660.00,1638.00,0,1,,,,
2023-05-03T04:00:46+00:00,581,32.41,59.99,3479.00,1385.00,2654.00,1640.00,0,1,,,,
2023-05-03T04:01:16+00:00,582,32.39,60.07,3517.00,1385.00,2654.00,1640.00,0,1,,,,
2023-05-03T04:01:45+00:00,583,32.34,60.24,3509.00,1385.00,2657.00,1644.00,0,1,,,,
2023-05-03T04:02:14+00:00,584,32.41,60.13,3493.00,1385.00,2653.00,1641.00,0,1,,,,
2023-05-03T04:02:44+00:00,585,32.50,59.75,3549.00,1393.00,2659.00,1642.00,0,1,,,,
2023-05-03T04:03:13+00:00,586,32.50,59.64,3551.00,1382.00,2643.00,1635.00,0,1,,,,
2023-05-03T04:03:42+00:00,587,32.52,59.58,3549.00,1394.00,2653.00,1642.00,0,1,,,,
2023-05-03T04:04:11+00:00,588,32.52,59.60,3552.00,1397.00,2650.00,1644.00,0,1,,,,
2023-05-03T04:04:40+00:00,589,32.52,59.62,3475.00,1375.00,2649.00,1646.00,0,1,,,,
2023-05-03T04:05:09+00:00,590,32.54,59.46,3524.00,1373.00,2645.00,1642.00,0,1,,,,
2023-05-03T04:05:39+00:00,591,32.49,59.48,3451.00,1372.00,2649.00,1637.00,0,1,,,,
2023-05-03T04:06:08+00:00,592,32.47,59.74,3461.00,1366.00,2643.00,1638.00,0,1,,,,
2023-05-03T04:06:37+00:00,593,32.35,60.03,3490.00,1379.00,2649.00,1637.00,0,1,,,,
2023-05-03T04:07:41+00:00,594,32.37,60.12,3491.00,1377.00,2643.00,1635.00,0,1,,,,
2023-05-03T04:08:10+00:00,595,32.43,60.01,3502.00,1380.00,2641.00,1636.00,0,1,,,,
2023-05-03T04:08:39+00:00,596,32.47,59.97,3506.00,1380.00,2644.00,1638.00,0,1,,,,
2023-05-03T04:09:08+00:00,597,32.45,59.92,3512.00,1374.00,2645.00,1642.00,0,1,,,,
2023-05-03T04:09:38+00:00,598,32.49,59.77,3568.00,1376.00,2640.00,1647.00,0,1,,,,
2023-05-03T04:10:07+00:00,599,32.55,59.54,3622.00,1376.00,2649.00,1644.00,0,1,,,,
2023-05-03T04:11:10+00:00,600,32.55,59.54,3686.00,1373.00,2647.00,1646.00,0,1,,,,
2023-05-03T04:11:39+00:00,601,32.51,59.67,3628.00,1373.00,2648.00,1649.00,0,1,,,,
2023-05-03T04:12:08+00:00,602,32.53,59.69,3669.00,1374.00,2649.00,1651.00,0,1,,,,
2023-05-03T04:12:37+00:00,603,32.57,59.61,3575.00,1377.00,2653.00,1655.00,0,1,,,,
2023-05-03T04:13:06+00:00,604,32.55,59.66,3633.00,1381.00,2650.00,1659.00,0,1,,,,
2023-05-03T04:13:35+00:00,605,32.47,59.92,3661.00,1379.00,2650.00,1659.00,0,1,,,,
2023-05-03T04:14:04+00:00,606,32.45,59.92,3595.00,1383.00,2643.00,1666.00,0,1,,,,
2023-05-03T04:14:34+00:00,607,32.41,60.08,3619.00,1387.00,2642.00,1668.00,0,1,,,,
2023-05-03T04:15:03+00:00,608,32.45,59.83,3619.00,1390.00,2650.00,1673.00,0,1,,,,
2023-05-03T04:15:32+00:00,609,32.48,59.86,3663.00,1393.00,2647.00,1676.00,0,1,,,,
2023-05-03T04:16:01+00:00,610,32.51,59.80,3658.00,1392.00,2646.00,1680.00,0,1,,,,
2023-05-03T04:16:30+00:00,611,32.50,59.75,3609.00,1397.00,2648.00,1681.00,0,1,,,,
2023-05-03T04:16:59+00:00,612,32.51,59.74,3611.00,1388.00,2644.00,1691.00,0,1,,,,
2023-05-03T04:17:30+00:00,613,32.49,59.72,3621.00,1386.00,2638.00,1685.00,0,1,,,,
2023-05-03T04:17:59+00:00,614,32.52,59.46,3628.00,1392.00,2646.00,1681.00,0,1,,,,
2023-05-03T04:18:28+00:00,615,32.54,59.27,3638.00,1390.00,2646.00,1673.00,0,1,,,,
2023-05-03T04:18:57+00:00,616,32.53,59.27,3599.00,1385.00,2651.00,1667.00,0,1,,,,
2023-05-03T04:19:26+00:00,617,32.56,59.20,3627.00,1385.00,2652.00,1665.00,0,1,,,,
2023-05-03T04:19:55+00:00,618,32.56,59.23,3628.00,1386.00,2654.00,1667.00,0,1,,,,
2023-05-03T04:20:25+00:00,619,32.51,59.39,3567.00,1381.00,2652.00,1666.00,0,1,,,,
2023-05-03T04:20:54+00:00,620,32.51,59.42,3698.00,1390.00,2651.00,1666.00,0,1,,,,
2023-05-03T04:21:23+00:00,621,32.47,59.61,3653.00,1386.00,2649.00,1670.00,0,1,,,,
2023-05-03T04:21:52+00:00,622,32.50,59.52,3593.00,1388.00,2647.00,1676.00,0,1,,,,
2023-05-03T04:22:21+00:00,623,32.45,59.67,3521.00,1387.00,2646.00,1669.00,0,1,,,,
2023-05-03T04:22:50+00:00,624,32.31,60.00,3551.00,1390.00,2647.00,1670.00,0,1,,,,
2023-05-03T04:23:20+00:00,625,32.40,59.72,3612.00,1387.00,2640.00,1665.00,0,1,,,,
2023-05-03T04:23:49+00:00,626,32.38,59.64,3629.00,1388.00,2644.00,1664.00,0,1,,,,
2023-05-03T04:25:26+00:00,627,32.37,59.74,3659.00,1396.00,2638.00,1665.00,0,1,,,,
2023-05-03T04:26:30+00:00,628,32.36,59.78,3689.00,1381.00,2642.00,1663.00,0,1,,,,
2023-05-03T04:26:59+00:00,629,32.35,59.76,3571.00,1373.00,2644.00,1665.00,0,1,,,,
2023-05-03T04:27:28+00:00,630,32.36,59.75,3566.00,1361.00,2638.00,1663.00,0,1,,,,
2023-05-03T04:27:57+00:00,631,32.34,59.74,3389.00,1356.00,2634.00,1654.00,0,1,,,,
2023-05-03T04:28:27+00:00,632,32.26,60.08,3419.00,1357.00,2639.00,1658.00,0,1,,,,
2023-05-03T04:28:56+00:00,633,32.28,60.03,3390.00,1356.00,2639.00,1662.00,0,1,,,,
2023-05-03T04:29:25+00:00,634,32.22,60.25,3461.00,1352.00,2639.00,1661.00,0,1,,,,
2023-05-03T04:29:55+00:00,635,32.21,60.14,3383.00,1350.00,2638.00,1665.00,0,1,,,,
2023-05-03T04:30:24+00:00,636,32.26,60.02,3444.00,1350.00,2631.00,1666.00,0,1,,,,
2023-05-03T04:30:53+00:00,637,32.32,59.88,3412.00,1351.00,2632.00,1666.00,0,1,,,,
2023-05-03T04:31:23+00:00,638,32.32,59.87,3468.00,1354.00,2635.00,1664.00,0,1,,,,
2023-05-03T04:31:52+00:00,639,32.26,60.14,3489.00,1356.00,2632.00,1675.00,0,1,,,,
2023-05-03T04:32:21+00:00,640,32.30,60.06,3452.00,1355.00,2635.00,1670.00,0,1,,,,
2023-05-03T04:32:50+00:00,641,32.31,59.93,3472.00,1356.00,2620.00,1666.00,0,1,,,,
2023-05-03T04:33:19+00:00,642,32.27,60.19,3436.00,1360.00,2636.00,1681.00,0,1,,,,
2023-05-03T04:33:49+00:00,643,32.28,60.09,3442.00,1351.00,2625.00,1674.00,0,1,,,,
2023-05-03T04:34:18+00:00,644,32.29,60.03,3477.00,1361.00,2629.00,1673.00,0,1,,,,
2023-05-03T04:34:47+00:00,645,32.32,59.92,3466.00,1361.00,2633.00,1671.00,0,1,,,,
2023-05-03T04:35:16+00:00,646,32.34,59.93,3493.00,1360.00,2629.00,1675.00,0,1,,,,
2023-05-03T04:35:46+00:00,647,32.32,59.89,3480.00,1362.00,2629.00,1674.00,0,1,,,,
2023-05-03T04:36:15+00:00,648,32.33,59.86,3448.00,1359.00,2629.00,1675.00,0,1,,,,
2023-05-03T04:36:44+00:00,649,32.24,59.98,3468.00,1358.00,2629.00,1677.00,0,1,,,,
2023-05-03T04:37:13+00:00,650,32.31,59.82,3414.00,1359.00,2628.00,1669.00,0,1,,,,
2023-05-03T04:37:42+00:00,651,32.31,59.91,3468.00,1364.00,2636.00,1663.00,0,1,,,,
2023-05-03T04:38:11+00:00,652,32.33,59.96,3441.00,1364.00,2627.00,1672.00,0,1,,,,
2023-05-03T04:38:40+00:00,653,32.35,60.01,3313.00,1364.00,2625.00,1668.00,0,1,,,,
2023-05-03T04:39:09+00:00,654,32.34,60.03,3422.00,1362.00,2626.00,1670.00,0,1,,,,
2023-05-03T04:39:38+00:00,655,32.32,60.06,3439.00,1354.00,2612.00,1676.00,0,1,,,,
2023-05-03T04:40:09+00:00,656,32.29,60.11,3412.00,1354.00,2617.00,1678.00,0,1,,,,
2023-05-03T04:40:39+00:00,657,32.32,60.08,3407.00,1363.00,2625.00,1674.00,0,1,,,,
2023-05-03T04:41:09+00:00,658,32.30,60.06,3403.00,1362.00,2624.00,1675.00,0,1,,,,
2023-05-03T04:41:39+00:00,659,32.18,60.17,3417.00,1365.00,2627.00,1673.00,0,1,,,,
2023-05-03T04:42:08+00:00,660,32.29,59.89,3449.00,1358.00,2620.00,1662.00,0,1,,,,
2023-05-03T04:43:12+00:00,661,32.30,59.78,3488.00,1363.00,2628.00,1670.00,0,1,,,,
2023-05-03T04:43:41+00:00,662,32.32,59.69,3513.00,1364.00,2629.00,1672.00,0,1,,,,
2023-05-03T04:44:11+00:00,663,32.32,59.67,3492.00,1364.00,2625.00,1669.00,0,1,,,,
2023-05-03T04:44:40+00:00,664,32.31,59.63,3433.00,1365.00,2625.00,1664.00,0,1,,,,
2023-05-03T04:45:09+00:00,665,32.28,59.78,3456.00,1361.00,2624.00,1668.00,0,1,,,,
2023-05-03T04:45:38+00:00,666,32.28,59.76,3500.00,1365.00,2627.00,1670.00,0,1,,,,
2023-05-03T04:46:07+00:00,667,32.28,59.94,3496.00,1364.00,2629.00,1675.00,0,1,,,,
2023-05-03T04:46:37+00:00,668,32.27,60.06,3472.00,1365.00,2622.00,1671.00,0,1,,,,
2023-05-03T04:47:06+00:00,669,32.27,59.97,3514.00,1361.00,2621.00,1677.00,0,1,,,,
2023-05-03T04:47:35+00:00,670,32.27,59.94,3452.00,1365.00,2626.00,1676.00,0,1,,,,
2023-05-03T04:48:04+00:00,671,32.20,59.95,3533.00,1373.00,2624.00,1678.00,0,1,,,,
2023-05-03T04:48:33+00:00,672,32.22,60.03,3473.00,1371.00,2625.00,1674.00,0,1,,,,
2023-05-03T04:49:03+00:00,673,32.22,59.94,3508.00,1370.00,2623.00,1672.00,0,1,,,,
2023-05-03T04:49:32+00:00,674,32.21,60.10,3347.00,1372.00,2626.00,1674.00,0,1,,,,
2023-05-03T04:50:01+00:00,675,32.22,60.13,3499.00,1372.00,2617.00,1678.00,0,1,,,,
2023-05-03T04:50:30+00:00,676,32.22,60.19,3418.00,1374.00,2619.00,1678.00,0,1,,,,
2023-05-03T04:50:59+00:00,677,32.22,60.19,3425.00,1372.00,2615.00,1679.00,0,1,,,,
2023-05-03T04:51:28+00:00,678,32.22,60.18,3481.00,1369.00,2621.00,1677.00,0,1,,,,
2023-05-03T04:51:58+00:00,679,32.26,60.16,3453.00,1374.00,2614.00,1677.00,0,1,,,,
2023-05-03T04:52:27+00:00,680,32.28,60.10,3506.00,1373.00,2619.00,1677.00,0,1,,,,
2023-05-03T04:52:56+00:00,681,32.26,59.97,3461.00,1375.00,2612.00,1676.00,0,1,,,,
2023-05-03T04:53:26+00:00,682,32.26,60.04,3430.00,1370.00,2611.00,1679.00,0,1,,,,
2023-05-03T04:54:29+00:00,683,32.32,59.87,3471.00,1371.00,2611.00,1674.00,0,1,,,,
2023-05-03T04:54:58+00:00,684,32.24,59.98,3499.00,1373.00,2614.00,1678.00,0,1,,,,
2023-05-03T04:56:01+00:00,685,32.35,59.67,3511.00,1372.00,2607.00,1676.00,0,1,,,,
2023-05-03T04:56:30+00:00,686,32.37,59.47,3461.00,1376.00,2610.00,1632.00,0,1,,,,
2023-05-03T04:56:59+00:00,687,32.44,59.33,3512.00,1373.00,2610.00,1678.00,0,1,,,,
2023-05-03T04:57:29+00:00,688,32.46,59.26,3481.00,1374.00,2612.00,1680.00,0,1,,,,
2023-05-03T04:57:59+00:00,689,32.47,59.35,3489.00,1373.00,2617.00,1681.00,0,1,,,,
2023-05-03T04:58:29+00:00,690,32.46,59.06,3461.00,1372.00,2609.00,1677.00,0,1,,,,
2023-05-03T04:58:59+00:00,691,32.46,59.13,3505.00,1377.00,2610.00,1682.00,0,1,,,,
2023-05-03T04:59:32+00:00,692,32.41,59.14,3491.00,1372.00,2607.00,1676.00,0,1,,,,
2023-05-03T05:00:01+00:00,693,32.39,59.27,3505.00,1375.00,2607.00,1680.00,0,1,,,,
2023-05-03T05:00:30+00:00,694,32.41,59.25,3517.00,1372.00,2609.00,1683.00,0,1,,,,
2023-05-03T05:00:59+00:00,695,32.43,59.11,3533.00,1371.00,2605.00,1678.00,0,1,,,,
2023-05-03T05:01:28+00:00,696,32.39,59.13,3545.00,1371.00,2605.00,1678.00,0,1,,,,
2023-05-03T05:01:58+00:00,697,32.38,59.14,3520.00,1371.00,2606.00,1645.00,0,1,,,,
2023-05-03T05:02:27+00:00,698,32.44,59.12,3535.00,1373.00,2607.00,1671.00,0,1,,,,
2023-05-03T05:02:56+00:00,699,32.41,59.07,3524.00,1369.00,2610.00,1670.00,0,1,,,,
2023-05-03T05:03:25+00:00,700,32.38,59.08,3370.00,1370.00,2601.00,1667.00,0,1,,,,
2023-05-03T05:03:54+00:00,701,32.47,58.96,3477.00,1368.00,2605.00,1670.00,0,1,,,,
2023-05-03T05:04:23+00:00,702,32.51,58.72,3507.00,1368.00,2603.00,1665.00,0,1,,,,
2023-05-03T05:04:53+00:00,703,32.49,58.69,3625.00,1369.00,2605.00,1668.00,0,1,,,,
2023-05-03T05:05:22+00:00,704,32.49,58.67,3607.00,1365.00,2602.00,1672.00,0,1,,,,
2023-05-03T05:05:51+00:00,705,32.51,58.65,3534.00,1371.00,2604.00,1667.00,0,1,,,,
2023-05-03T05:06:20+00:00,706,32.53,58.50,3576.00,1362.00,2597.00,1622.00,0,1,,,,
2023-05-03T05:06:49+00:00,707,32.50,58.53,3585.00,1363.00,2599.00,1665.00,0,1,,,,
2023-05-03T05:07:18+00:00,708,32.50,58.63,3511.00,1371.00,2605.00,1664.00,0,1,,,,
2023-05-03T05:08:21+00:00,709,32.46,58.79,3636.00,1371.00,2598.00,1668.00,0,1,,,,
2023-05-03T05:08:50+00:00,710,32.48,58.79,3641.00,1370.00,2596.00,1672.00,0,1,,,,
2023-05-03T05:09:19+00:00,711,32.43,58.79,3375.00,1369.00,2599.00,1672.00,0,1,,,,
2023-05-03T05:09:48+00:00,712,32.51,58.81,3477.00,1362.00,2596.00,1667.00,0,1,,,,
2023-05-03T05:10:18+00:00,713,32.51,58.81,3470.00,1367.00,2596.00,1661.00,0,1,,,,
2023-05-03T05:10:47+00:00,714,32.48,58.80,3546.00,1372.00,2595.00,1638.00,0,1,,,,
2023-05-03T05:11:16+00:00,715,32.43,58.91,3519.00,1374.00,2595.00,1671.00,0,1,,,,
2023-05-03T05:11:45+00:00,716,32.48,58.85,3635.00,1372.00,2594.00,1668.00,0,1,,,,
2023-05-03T05:12:14+00:00,717,32.53,58.72,3505.00,1378.00,2600.00,1669.00,0,1,,,,
2023-05-03T05:12:43+00:00,718,32.54,58.77,3432.00,1380.00,2599.00,1675.00,0,1,,,,
2023-05-03T05:13:13+00:00,719,32.46,58.89,3266.00,1377.00,2593.00,1668.00,0,1,,,,
2023-05-03T05:13:42+00:00,720,32.46,58.88,3389.00,1381.00,2599.00,1629.00,0,1,,,,
2023-05-03T05:14:11+00:00,721,32.41,59.03,3615.00,1380.00,2593.00,1677.00,0,1,,,,
2023-05-03T05:14:40+00:00,722,32.45,59.00,3505.00,1379.00,2593.00,1676.00,0,1,,,,
2023-05-03T05:16:17+00:00,723,32.49,58.88,3512.00,1375.00,2589.00,1674.00,0,1,,,,
2023-05-03T05:16:47+00:00,724,32.47,59.10,3509.00,1376.00,2591.00,1676.00,0,1,,,,
2023-05-03T05:17:16+00:00,725,32.46,59.00,3622.00,1383.00,2588.00,1677.00,0,1,,,,
2023-05-03T05:17:45+00:00,726,32.41,59.05,3610.00,1381.00,2589.00,1681.00,0,1,,,,
2023-05-03T05:18:14+00:00,727,32.42,59.07,3490.00,1380.00,2588.00,1677.00,0,1,,,,
2023-05-03T05:18:43+00:00,728,32.42,59.11,3409.00,1382.00,2592.00,1680.00,0,1,,,,
2023-05-03T05:19:12+00:00,729,32.44,59.04,3372.00,1383.00,2592.00,1676.00,0,1,,,,
2023-05-03T05:20:16+00:00,730,32.41,59.12,3512.00,1381.00,2589.00,1687.00,0,1,,,,
2023-05-03T05:20:45+00:00,731,32.43,59.02,3580.00,1384.00,2590.00,1686.00,0,1,,,,
2023-05-03T05:21:14+00:00,732,32.42,59.03,3509.00,1378.00,2588.00,1683.00,0,1,,,,
2023-05-03T05:21:43+00:00,733,32.47,59.01,3390.00,1380.00,2588.00,1664.00,0,1,,,,
2023-05-03T05:22:13+00:00,734,32.45,59.09,3473.00,1381.00,2585.00,1685.00,0,1,,,,
2023-05-03T05:22:42+00:00,735,32.49,59.03,3517.00,1384.00,2586.00,1688.00,0,1,,,,
2023-05-03T05:23:11+00:00,736,32.51,58.84,3407.00,1389.00,2586.00,1685.00,0,1,,,,
2023-05-03T05:23:40+00:00,737,32.52,58.90,3463.00,1381.00,2588.00,1688.00,0,1,,,,
2023-05-03T05:24:09+00:00,738,32.51,58.96,3494.00,1383.00,2584.00,1689.00,0,1,,,,
2023-05-03T05:24:38+00:00,739,32.48,59.02,3436.00,1387.00,2586.00,1692.00,0,1,,,,
2023-05-03T05:25:08+00:00,740,32.44,59.02,3600.00,1383.00,2580.00,1691.00,0,1,,,,
2023-05-03T05:25:37+00:00,741,32.41,59.20,3584.00,1387.00,2582.00,1691.00,0,1,,,,
2023-05-03T05:26:06+00:00,742,32.44,59.05,3524.00,1387.00,2584.00,1694.00,0,1,,,,
2023-05-03T05:26:36+00:00,743,32.40,59.13,3533.00,1379.00,2583.00,1688.00,0,1,,,,
2023-05-03T05:27:05+00:00,744,32.38,59.26,3518.00,1389.00,2583.00,1690.00,0,1,,,,
2023-05-03T05:27:34+00:00,745,32.39,59.27,3636.00,1386.00,2587.00,1693.00,0,1,,,,
2023-05-03T05:28:03+00:00,746,32.34,59.23,3673.00,1389.00,2581.00,1690.00,0,1,,,,
2023-05-03T05:28:33+00:00,747,32.37,59.15,3529.00,1387.00,2586.00,1693.00,0,1,,,,
2023-05-03T05:29:02+00:00,748,32.39,59.17,3504.00,1384.00,2582.00,1688.00,0,1,,,,
2023-05-03T05:29:31+00:00,749,32.41,59.14,3476.00,1386.00,2580.00,1689.00,0,1,,,,
2023-05-03T05:30:00+00:00,750,32.36,59.25,3295.00,1387.00,2581.00,1685.00,0,1,,,,
2023-05-03T05:31:03+00:00,751,32.31,59.33,3427.00,1389.00,2582.00,1691.00,0,1,,,,
2023-05-03T05:32:07+00:00,752,32.33,59.50,3377.00,1391.00,2577.00,1665.00,0,1,,,,
2023-05-03T05:32:36+00:00,753,32.32,59.40,3362.00,1389.00,2579.00,1693.00,0,1,,,,
2023-05-03T05:33:06+00:00,754,32.31,59.52,3336.00,1390.00,2577.00,1691.00,0,1,,,,
2023-05-03T05:33:35+00:00,755,32.32,59.43,3439.00,1393.00,2577.00,1694.00,0,1,,,,
2023-05-03T05:34:04+00:00,756,32.39,59.34,3485.00,1392.00,2578.00,1697.00,0,1,,,,
2023-05-03T05:34:33+00:00,757,32.39,59.19,3467.00,1396.00,2577.00,1697.00,0,1,,,,
2023-05-03T05:35:03+00:00,758,32.32,59.36,3391.00,1394.00,2577.00,1698.00,0,1,,,,
2023-05-03T05:35:32+00:00,759,32.37,59.39,3432.00,1395.00,2579.00,1701.00,0,1,,,,
2023-05-03T05:36:01+00:00,760,32.32,59.41,3441.00,1405.00,2577.00,1701.00,0,1,,,,
2023-05-03T05:36:30+00:00,761,32.34,59.51,3420.00,1402.00,2571.00,1703.00,0,1,,,,
2023-05-03T05:36:59+00:00,762,32.39,59.35,3335.00,1398.00,2578.00,1700.00,0,1,,,,
2023-05-03T05:37:28+00:00,763,32.38,59.29,3400.00,1402.00,2572.00,1704.00,0,1,,,,
2023-05-03T05:37:57+00:00,764,32.30,59.47,3519.00,1400.00,2575.00,1707.00,0,1,,,,
2023-05-03T05:38:27+00:00,765,32.36,59.34,3391.00,1409.00,2576.00,1706.00,0,1,,,,
2023-05-03T05:38:56+00:00,766,32.30,59.37,3428.00,1409.00,2576.00,1706.00,0,1,,,,
2023-05-03T05:39:25+00:00,767,32.25,59.66,3492.00,1409.00,2576.00,1709.00,0,1,,,,
2023-05-03T05:39:54+00:00,768,32.35,59.41,3396.00,1408.00,2577.00,1709.00,0,1,,,,
2023-05-03T05:40:23+00:00,769,32.37,59.24,3369.00,1411.00,2582.00,1707.00,0,1,,,,
2023-05-03T05:40:53+00:00,770,32.38,59.26,3396.00,1407.00,2566.00,1699.00,0,1,,,,
2023-05-03T05:41:22+00:00,771,32.37,59.32,3369.00,1413.00,2578.00,1715.00,0,1,,,,
2023-05-03T05:41:51+00:00,772,32.38,59.33,3175.00,1417.00,2577.00,1708.00,0,1,,,,
2023-05-03T05:42:20+00:00,773,32.35,59.44,3177.00,1420.00,2575.00,1708.00,0,1,,,,
2023-05-03T05:42:49+00:00,774,32.28,59.69,3208.00,1432.00,2579.00,1705.00,0,1,,,,
2023-05-03T05:43:18+00:00,775,32.31,59.69,3323.00,1425.00,2576.00,1708.00,0,1,,,,
2023-05-03T05:43:48+00:00,776,32.37,59.49,3246.00,1425.00,2582.00,1709.00,0,1,,,,
2023-05-03T05:44:17+00:00,777,32.40,59.46,3276.00,1435.00,2580.00,1709.00,0,1,,,,
2023-05-03T05:44:46+00:00,778,32.34,59.51,3319.00,1442.00,2577.00,1714.00,0,1,,,,
2023-05-03T05:45:15+00:00,779,32.35,59.57,3296.00,1444.00,2582.00,1710.00,0,1,,,,
2023-05-03T05:45:44+00:00,780,32.37,59.53,3291.00,1442.00,2582.00,1712.00,0,1,,,,
2023-05-03T05:46:13+00:00,781,32.38,59.63,3294.00,1439.00,2577.00,1710.00,0,1,,,,
2023-05-03T05:46:42+00:00,782,32.38,59.64,3280.00,1441.00,2577.00,1700.00,0,1,,,,
2023-05-03T05:47:11+00:00,783,32.41,59.49,3298.00,1440.00,2573.00,1712.00,0,1,,,,
2023-05-03T05:47:40+00:00,784,32.35,59.64,3319.00,1436.00,2575.00,1711.00,0,1,,,,
2023-05-03T05:48:10+00:00,785,32.35,59.66,3341.00,1435.00,2575.00,1711.00,0,1,,,,
2023-05-03T05:48:40+00:00,786,32.31,59.74,3336.00,1437.00,2576.00,1712.00,0,1,,,,
2023-05-03T05:49:10+00:00,787,32.34,59.87,3278.00,1431.00,2577.00,1712.00,0,1,,,,
2023-05-03T05:49:40+00:00,788,32.32,59.78,3343.00,1430.00,2572.00,1715.00,0,1,,,,
2023-05-03T05:50:09+00:00,789,32.35,59.69,3275.00,1427.00,2578.00,1712.00,0,1,,,,
2023-05-03T05:50:37+00:00,790,32.33,59.74,3304.00,1399.00,2571.00,1710.00,0,1,,,,
2023-05-03T05:51:07+00:00,791,32.34,59.65,3328.00,1395.00,2575.00,1716.00,0,1,,,,
2023-05-03T05:51:36+00:00,792,32.39,59.65,3454.00,1394.00,2577.00,1712.00,0,1,,,,
2023-05-03T05:52:05+00:00,793,32.39,59.63,3381.00,1393.00,2574.00,1717.00,0,1,,,,
2023-05-03T05:52:34+00:00,794,32.45,59.38,3371.00,1377.00,2575.00,1706.00,0,1,,,,
2023-05-03T05:53:37+00:00,795,32.41,59.62,3378.00,1334.00,2577.00,1711.00,0,1,,,,
2023-05-03T05:54:07+00:00,796,32.40,59.67,3327.00,1335.00,2573.00,1712.00,0,1,,,,
2023-05-03T05:54:36+00:00,797,32.28,59.86,3302.00,1341.00,2573.00,1715.00,0,1,,,,
2023-05-03T05:55:05+00:00,798,32.38,59.71,3330.00,1337.00,2571.00,1712.00,0,1,,,,
2023-05-03T05:55:34+00:00,799,32.39,59.62,3352.00,1343.00,2573.00,1709.00,0,1,,,,
2023-05-03T05:56:03+00:00,800,32.36,59.74,3384.00,1357.00,2577.00,1720.00,0,1,,,,
2023-05-03T05:56:33+00:00,801,32.38,59.78,3479.00,1366.00,2577.00,1681.00,0,1,,,,
2023-05-03T05:57:02+00:00,802,32.33,59.97,3425.00,1379.00,2574.00,1719.00,0,1,,,,
2023-05-03T05:58:05+00:00,803,32.41,59.64,3502.00,1391.00,2573.00,1723.00,0,1,,,,
2023-05-03T05:58:34+00:00,804,32.44,59.51,3537.00,1398.00,2573.00,1723.00,0,1,,,,
2023-05-03T05:59:03+00:00,805,32.37,59.75,3465.00,1370.00,2569.00,1722.00,0,1,,,,
2023-05-03T05:59:33+00:00,806,32.38,59.75,3446.00,1362.00,2572.00,1682.00,0,1,,,,
2023-05-03T06:00:02+00:00,807,32.37,59.86,3492.00,1355.00,2573.00,1721.00,0,1,,,,
2023-05-03T06:01:38+00:00,808,32.46,59.45,3571.00,1319.00,2569.00,1728.00,0,1,,,,
2023-05-03T06:02:08+00:00,809,32.44,59.46,3539.00,1284.00,2571.00,1725.00,0,1,,,,
2023-05-03T06:02:39+00:00,810,32.48,59.36,3514.00,1272.00,2569.00,1725.00,0,1,,,,
2023-05-03T06:03:09+00:00,811,32.49,59.36,3523.00,1269.00,2573.00,1729.00,0,1,,,,
2023-05-03T06:03:39+00:00,812,32.48,59.35,3504.00,1268.00,2574.00,1726.00,0,1,,,,
2023-05-03T06:04:09+00:00,813,32.52,59.21,3457.00,1266.00,2575.00,1729.00,0,1,,,,
2023-05-03T06:04:39+00:00,814,32.54,59.10,3564.00,1261.00,2574.00,1726.00,0,1,,,,
2023-05-03T06:05:42+00:00,815,32.35,59.88,3443.00,1265.00,2571.00,1727.00,0,1,,,,
2023-05-03T06:06:11+00:00,816,32.30,59.93,3425.00,1263.00,2577.00,1728.00,0,1,,,,
2023-05-03T06:06:40+00:00,817,32.24,60.09,3484.00,1262.00,2578.00,1731.00,0,1,,,,
2023-05-03T06:07:10+00:00,818,32.39,59.82,3475.00,1259.00,2573.00,1731.00,0,1,,,,
2023-05-03T06:07:39+00:00,819,32.47,59.44,3543.00,1258.00,2574.00,1731.00,0,1,,,,
2023-05-03T06:08:08+00:00,820,32.47,59.44,3430.00,1259.00,2577.00,1730.00,0,1,,,,
2023-05-03T06:08:37+00:00,821,32.48,59.62,3491.00,1258.00,2571.00,1730.00,0,1,,,,
2023-05-03T06:09:06+00:00,822,32.44,59.86,3454.00,1254.00,2576.00,1735.00,0,1,,,,
2023-05-03T06:09:35+00:00,823,32.39,60.11,3476.00,1257.00,2574.00,1732.00,0,1,,,,
2023-05-03T06:10:05+00:00,824,32.43,59.98,3494.00,1254.00,2572.00,1734.00,0,1,,,,
2023-05-03T06:10:34+00:00,825,32.43,59.93,3420.00,1253.00,2569.00,1733.00,0,1,,,,
2023-05-03T06:11:03+00:00,826,32.42,59.95,3441.00,1249.00,2567.00,1729.00,0,1,,,,
2023-05-03T06:11:33+00:00,827,32.41,59.82,3340.00,1242.00,2553.00,1724.00,0,1,,,,
2023-05-03T06:12:03+00:00,828,32.42,59.96,3369.00,1252.00,2569.00,1736.00,0,1,,,,
2023-05-03T06:12:33+00:00,829,32.44,60.00,3318.00,1253.00,2573.00,1731.00,0,1,,,,
2023-05-03T06:13:03+00:00,830,32.44,60.03,3365.00,1249.00,2570.00,1732.00,0,1,,,,
2023-05-03T06:13:33+00:00,831,32.46,59.89,3309.00,1249.00,2570.00,1732.00,0,1,,,,
2023-05-03T06:14:03+00:00,832,32.41,60.25,3307.00,1240.00,2567.00,1731.00,0,1,,,,
2023-05-03T06:14:33+00:00,833,32.35,60.08,3272.00,1235.00,2561.00,1723.00,0,1,,,,
2023-05-03T06:15:02+00:00,834,32.34,60.22,3268.00,1241.00,2566.00,1734.00,0,1,,,,
2023-05-03T06:16:05+00:00,835,32.37,60.12,3178.00,1238.00,2565.00,1732.00,0,1,,,,
2023-05-03T06:16:34+00:00,836,32.39,60.11,3113.00,1240.00,2571.00,1733.00,0,1,,,,
2023-05-03T06:17:03+00:00,837,32.36,60.05,3075.00,1241.00,2558.00,1733.00,0,1,,,,
2023-05-03T06:18:07+00:00,838,32.34,60.11,3105.00,1238.00,2567.00,1729.00,0,1,,,,
2023-05-03T06:18:36+00:00,839,32.30,60.26,3176.00,1235.00,2562.00,1728.00,0,1,,,,
2023-05-03T06:19:05+00:00,840,32.30,60.37,3168.00,1233.00,2558.00,1732.00,0,1,,,,
2023-05-03T06:19:34+00:00,841,32.38,60.10,3195.00,1230.00,2561.00,1728.00,0,1,,,,
2023-05-03T06:20:37+00:00,842,32.45,60.05,3225.00,1226.00,2561.00,1730.00,0,1,,,,
2023-05-03T06:21:06+00:00,843,32.42,60.16,3214.00,1225.00,2558.00,1728.00,0,1,,,,
2023-05-03T06:21:36+00:00,844,32.42,60.27,3230.00,1224.00,2559.00,1732.00,0,1,,,,
2023-05-03T06:22:05+00:00,845,32.48,59.94,3285.00,1224.00,2558.00,1730.00,0,1,,,,
2023-05-03T06:22:34+00:00,846,32.44,60.04,3173.00,1225.00,2560.00,1726.00,0,1,,,,
2023-05-03T06:23:03+00:00,847,32.45,60.13,3141.00,1228.00,2560.00,1731.00,0,1,,,,
2023-05-03T06:23:32+00:00,848,32.41,60.24,3192.00,1226.00,2557.00,1732.00,0,1,,,,
2023-05-03T06:24:02+00:00,849,32.39,60.19,3163.00,1225.00,2556.00,1728.00,0,1,,,,
2023-05-03T06:24:31+00:00,850,32.41,60.19,3216.00,1224.00,2558.00,1729.00,0,1,,,,
2023-05-03T06:25:00+00:00,851,32.39,60.11,3176.00,1224.00,2553.00,1730.00,0,1,,,,
2023-05-03T06:25:30+00:00,852,32.40,60.15,3144.00,1222.00,2559.00,1729.00,0,1,,,,
2023-05-03T06:25:59+00:00,853,32.39,60.20,3213.00,1223.00,2555.00,1687.00,0,1,,,,
2023-05-03T06:26:28+00:00,854,32.44,60.06,3208.00,1217.00,2548.00,1722.00,0,1,,,,
2023-05-03T06:26:57+00:00,855,32.35,60.20,3219.00,1217.00,2553.00,1728.00,0,1,,,,
2023-05-03T06:27:26+00:00,856,32.43,59.98,3200.00,1222.00,2560.00,1731.00,0,1,,,,
2023-05-03T06:27:55+00:00,857,32.46,59.88,3212.00,1220.00,2554.00,1730.00,0,1,,,,
2023-05-03T06:28:25+00:00,858,32.49,59.81,3209.00,1221.00,2554.00,1728.00,0,1,,,,
2023-05-03T06:28:54+00:00,859,32.42,60.01,3192.00,1219.00,2552.00,1727.00,0,1,,,,
2023-05-03T06:29:23+00:00,860,32.42,60.03,3214.00,1219.00,2555.00,1730.00,0,1,,,,
2023-05-03T06:29:53+00:00,861,32.42,60.01,3288.00,1220.00,2554.00,1726.00,0,1,,,,
2023-05-03T06:30:23+00:00,862,32.45,59.96,3309.00,1217.00,2551.00,1732.00,0,1,,,,
2023-05-03T06:30:53+00:00,863,32.43,60.02,3360.00,1222.00,2554.00,1729.00,0,1,,,,
2023-05-03T06:31:23+00:00,864,32.51,59.79,3366.00,1220.00,2554.00,1735.00,0,1,,,,
2023-05-03T06:31:52+00:00,865,32.46,59.93,3383.00,1217.00,2553.00,1739.00,0,1,,,,
2023-05-03T06:32:21+00:00,866,32.47,59.91,3333.00,1219.00,2549.00,1736.00,0,1,,,,
2023-05-03T06:32:50+00:00,867,32.45,59.95,3289.00,1219.00,2553.00,1736.00,0,1,,,,
2023-05-03T06:33:20+00:00,868,32.44,59.97,3283.00,1220.00,2548.00,1738.00,0,1,,,,
2023-05-03T06:33:49+00:00,869,32.46,60.10,3304.00,1220.00,2549.00,1738.00,0,1,,,,
2023-05-03T06:34:18+00:00,870,32.47,60.33,3277.00,1217.00,2551.00,1735.00,0,1,,,,
2023-05-03T06:34:47+00:00,871,32.47,60.58,3288.00,1212.00,2550.00,1738.00,0,1,,,,
2023-05-03T06:35:17+00:00,872,32.42,61.17,3333.00,1221.00,2553.00,1744.00,0,1,,,,
2023-05-03T06:35:46+00:00,873,32.49,60.57,3356.00,1219.00,2553.00,1695.00,0,1,,,,
2023-05-03T06:36:15+00:00,874,32.48,60.35,3276.00,1223.00,2554.00,1739.00,0,1,,,,
2023-05-03T06:36:44+00:00,875,32.46,60.64,3204.00,1221.00,2556.00,1741.00,0,1,,,,
2023-05-03T06:37:13+00:00,876,32.46,60.74,3258.00,1218.00,2553.00,1741.00,0,1,,,,
2023-05-03T06:37:43+00:00,877,32.44,60.90,3155.00,1219.00,2556.00,1739.00,0,1,,,,
2023-05-03T06:38:12+00:00,878,32.49,60.58,3111.00,1218.00,2552.00,1739.00,0,1,,,,
2023-05-03T06:38:41+00:00,879,32.48,60.65,3123.00,1237.00,2548.00,1769.00,0,1,,,,
2023-05-03T06:39:10+00:00,880,32.47,60.66,3171.00,1244.00,2537.00,1776.00,0,1,,,,
2023-05-03T06:40:14+00:00,881,32.45,60.52,3204.00,1234.00,2532.00,1760.00,0,1,,,,
2023-05-03T06:40:44+00:00,882,32.44,60.61,3132.00,1232.00,2548.00,1771.00,0,1,,,,
2023-05-03T06:41:14+00:00,883,32.43,60.60,3105.00,1229.00,2553.00,1771.00,0,1,,,,
2023-05-03T06:41:44+00:00,884,32.42,60.55,3055.00,1226.00,2550.00,1772.00,0,1,,,,
2023-05-03T06:42:15+00:00,885,32.39,60.64,3090.00,1226.00,2553.00,1774.00,0,1,,,,
2023-05-03T06:42:44+00:00,886,32.44,60.51,3082.00,1224.00,2547.00,1767.00,0,1,,,,
2023-05-03T06:43:13+00:00,887,32.44,60.53,3100.00,1221.00,2549.00,1726.00,0,1,,,,
2023-05-03T06:43:42+00:00,888,32.41,60.63,3120.00,1221.00,2538.00,1762.00,0,1,,,,
2023-05-03T06:44:12+00:00,889,32.45,60.46,3087.00,1220.00,2550.00,1762.00,0,1,,,,
2023-05-03T06:44:41+00:00,890,32.47,60.31,3116.00,1220.00,2544.00,1761.00,0,1,,,,
2023-05-03T06:45:11+00:00,891,32.47,60.37,3147.00,1215.00,2556.00,1760.00,0,1,,,,
2023-05-03T06:45:40+00:00,892,32.42,60.46,3176.00,1215.00,2544.00,1758.00,0,1,,,,
2023-05-03T06:46:09+00:00,893,32.47,60.27,3150.00,1208.00,2547.00,1753.00,0,1,,,,
2023-05-03T06:46:38+00:00,894,32.54,60.08,3156.00,1216.00,2553.00,1755.00,0,1,,,,
2023-05-03T06:47:07+00:00,895,32.54,60.19,3122.00,1213.00,2543.00,1744.00,0,1,,,,
2023-05-03T06:47:36+00:00,896,32.48,60.69,3137.00,1213.00,2548.00,1757.00,0,1,,,,
2023-05-03T06:48:05+00:00,897,32.53,60.54,3265.00,1223.00,2621.00,1763.00,0,1,,,,
2023-05-03T06:48:35+00:00,898,32.46,60.84,3203.00,1228.00,2427.00,1761.00,0,1,,,,
2023-05-03T06:49:04+00:00,899,32.52,60.67,3216.00,1231.00,2435.00,1766.00,0,1,,,,
2023-05-03T06:49:33+00:00,900,32.54,60.55,3232.00,1230.00,2482.00,1762.00,0,1,,,,
2023-05-03T06:50:02+00:00,901,32.54,60.41,3220.00,1218.00,2482.00,1763.00,0,1,,,,
2023-05-03T06:50:31+00:00,902,32.47,60.62,3218.00,1229.00,2514.00,1767.00,0,1,,,,
2023-05-03T06:51:01+00:00,903,32.54,60.26,3232.00,1226.00,2458.00,1763.00,0,1,,,,
2023-05-03T06:51:30+00:00,904,32.50,60.36,3197.00,1228.00,2467.00,1768.00,0,1,,,,
2023-05-03T06:51:59+00:00,905,32.50,60.35,3252.00,1222.00,2473.00,1771.00,0,1,,,,
2023-05-03T06:52:28+00:00,906,32.49,60.47,3259.00,1219.00,2480.00,1756.00,0,1,,,,
2023-05-03T06:52:57+00:00,907,32.56,60.37,3274.00,1223.00,2510.00,1752.00,0,1,,,,
2023-05-03T06:53:27+00:00,908,32.54,60.51,3256.00,1226.00,2519.00,1774.00,0,1,,,,
2023-05-03T06:53:56+00:00,909,32.54,60.68,3214.00,1227.00,2524.00,1762.00,0,1,,,,
2023-05-03T06:54:26+00:00,910,32.54,60.52,3228.00,1230.00,2539.00,1760.00,0,1,,,,
2023-05-03T06:54:56+00:00,911,32.52,60.58,3188.00,1226.00,2548.00,1759.00,0,1,,,,
2023-05-03T06:55:59+00:00,912,32.64,60.20,3219.00,1229.00,2428.00,1759.00,0,1,,,,
2023-05-03T06:56:28+00:00,913,32.63,60.21,3090.00,1233.00,2416.00,1757.00,0,1,,,,
2023-05-03T06:56:57+00:00,914,32.58,60.34,3077.00,1229.00,2398.00,1759.00,0,1,,,,
2023-05-03T06:57:26+00:00,915,32.58,60.52,3234.00,1206.00,2235.00,1724.00,0,1,,,,
2023-05-03T06:57:56+00:00,916,32.60,60.56,3245.00,1204.00,2231.00,1724.00,0,1,,,,
2023-05-03T06:58:25+00:00,917,32.65,60.27,3180.00,1207.00,2242.00,1728.00,0,1,,,,
2023-05-03T06:58:54+00:00,918,32.64,60.21,3299.00,1208.00,2245.00,1731.00,0,1,,,,
2023-05-03T06:59:24+00:00,919,32.69,60.11,3292.00,1213.00,2252.00,1734.00,0,1,,,,
2023-05-03T06:59:54+00:00,920,32.70,60.19,3327.00,1212.00,2250.00,1742.00,0,1,,,,
2023-05-03T07:00:24+00:00,921,32.64,60.48,3283.00,1212.00,2250.00,1746.00,0,1,,,,
2023-05-03T07:00:54+00:00,922,32.65,60.58,3326.00,1212.00,2255.00,1744.00,0,1,,,,
2023-05-03T07:01:23+00:00,923,32.68,60.40,3277.00,1212.00,2252.00,1739.00,0,1,,,,
2023-05-03T07:01:52+00:00,924,32.70,60.33,3282.00,1215.00,2252.00,1748.00,0,1,,,,
2023-05-03T07:02:21+00:00,925,32.68,60.43,3338.00,1211.00,2255.00,1749.00,0,1,,,,
2023-05-03T07:03:21+00:00,926,32.60,60.62,3292.00,1214.00,2255.00,1747.00,0,1,,,,
2023-05-03T07:03:50+00:00,927,32.54,60.84,3300.00,1212.00,2258.00,1752.00,0,1,,,,
2023-05-03T07:04:53+00:00,928,32.56,60.76,3234.00,1204.00,2249.00,1744.00,0,1,,,,
2023-05-03T07:08:14+00:00,929,32.57,60.70,3252.00,1212.00,2258.00,1749.00,0,1,,,,
2023-05-03T07:08:43+00:00,930,32.56,60.84,3274.00,1212.00,2257.00,1753.00,0,1,,,,
2023-05-03T07:09:12+00:00,931,32.59,60.93,3317.00,1212.00,2266.00,1745.00,0,1,,,,
2023-05-03T07:09:41+00:00,932,32.61,60.85,3339.00,1215.00,2254.00,1751.00,0,1,,,,
2023-05-03T07:10:10+00:00,933,32.56,61.01,3331.00,1210.00,2270.00,1750.00,0,1,,,,
2023-05-03T07:10:39+00:00,934,32.60,60.79,3396.00,1212.00,2274.00,1754.00,0,1,,,,
2023-05-03T07:11:08+00:00,935,32.60,60.78,3338.00,1215.00,2262.00,1744.00,0,1,,,,
2023-05-03T07:11:37+00:00,936,32.65,60.73,3308.00,1212.00,2271.00,1745.00,0,1,,,,
2023-05-03T07:12:06+00:00,937,32.56,61.01,3297.00,1211.00,2273.00,1757.00,0,1,,,,
2023-05-03T07:12:35+00:00,938,32.55,61.20,3292.00,1213.00,2273.00,1755.00,0,1,,,,
2023-05-03T07:13:04+00:00,939,32.59,61.11,3310.00,1211.00,2271.00,1759.00,0,1,,,,
2023-05-03T07:14:08+00:00,940,32.65,60.85,3119.00,1214.00,2279.00,1752.00,0,1,,,,
2023-05-03T07:14:37+00:00,941,32.61,60.84,3269.00,1214.00,2284.00,1751.00,0,1,,,,
2023-05-03T07:15:05+00:00,942,32.64,60.86,3209.00,1212.00,2283.00,1758.00,0,1,,,,
2023-05-03T07:15:35+00:00,943,32.63,61.05,3306.00,1206.00,2276.00,1746.00,0,1,,,,
2023-05-03T07:17:14+00:00,944,32.59,61.13,3312.00,1259.00,2215.00,1736.00,0,1,,,,
2023-05-03T07:17:44+00:00,945,32.57,61.27,3107.00,1221.00,2364.00,1688.00,0,1,,,,
